"TIMESTAMP","areaConsumption"
1,60811
2,58140
3,54552
4,52614
5,52340
6,52378
7,52496
8,51730
9,53017
10,54627
11,56514
12,59309
13,57016
14,55067
15,54317
16,55258
17,59926
18,62018
19,62013
20,59975
21,57509
22,60690
23,59474
24,54939
25,54064
26,51593
27,49438
28,49635
29,52397
30,56662
31,60783
32,62694
33,64588
34,65245
35,66133
36,66728
37,64355
38,62187
39,60741
40,61364
41,66996
42,69301
43,67491
44,63538
45,60407
46,63411
47,62198
48,57609
49,56403
50,53896
51,51499
52,51350
53,53798
54,57911
55,61817
56,63278
57,64991
58,65632
59,66749
60,67373
61,65060
62,63112
63,61721
64,62091
65,67211
66,69305
67,67323
68,63381
69,60388
70,63647
71,62600
72,57749
73,56335
74,53667
75,51008
76,50194
77,51173
78,52960
79,55154
80,57009
81,59454
82,60764
83,62086
84,63902
85,61020
86,59148
87,58032
88,58433
89,63249
90,65500
91,64148
92,61106
93,58832
94,62758
95,62285
96,58170
97,57150
98,54426
99,51948
100,50938
101,51546
102,52536
103,54056
104,55256
105,57944
106,59820
107,61210
108,63134
109,59456
110,57009
111,55943
112,56664
113,62325
114,65698
115,65374
116,62599
117,59556
118,62509
119,61553
120,57629
121,56828
122,54408
123,52098
124,52441
125,56336
126,63978
127,69644
128,69722
129,69920
130,69686
131,70007
132,69526
133,67856
134,66118
135,64967
136,65783
137,70446
138,73481
139,70387
140,65672
141,61705
142,64055
143,63049
144,58213
145,57000
146,54883
147,52716
148,52968
149,56895
150,64283
151,70011
152,69726
153,69248
154,68663
155,69046
156,68258
157,66767
158,64817
159,63648
160,64260
161,69476
162,72084
163,69106
164,65009
165,60975
166,63212
167,62072
168,57370
169,56287
170,53786
171,51869
172,52149
173,56147
174,63150
175,68427
176,69342
177,68802
178,68181
179,68128
180,67446
181,65743
182,63884
183,62525
184,63312
185,68545
186,71374
187,68671
188,64216
189,60190
190,62787
191,61818
192,57229
193,56351
194,54122
195,51943
196,52201
197,56007
198,63669
199,69156
200,68849
201,68825
202,68685
203,69491
204,69275
205,68038
206,66191
207,65210
208,65596
209,70212
210,73429
211,70466
212,66190
213,62345
214,65005
215,63793
216,59081
217,58407
218,56261
219,54393
220,55074
221,58918
222,66714
223,72707
224,72401
225,72271
226,71603
227,71516
228,70627
229,68409
230,66111
231,64547
232,64706
233,70509
234,72823
235,70386
236,66296
237,63088
238,66110
239,64867
240,59670
241,58100
242,55576
243,52942
244,52206
245,53332
246,55772
247,58627
248,60812
249,62908
250,63054
251,63584
252,64851
253,61256
254,58885
255,57262
256,57267
257,62622
258,66088
259,64828
260,61743
261,59468
262,63434
263,63399
264,59361
265,58268
266,55509
267,52824
268,51878
269,52496
270,53640
271,55422
272,57066
273,59974
274,61559
275,62933
276,64273
277,59833
278,57188
279,55876
280,56408
281,62073
282,65644
283,65431
284,62824
285,59997
286,62953
287,62011
288,58000
289,57318
290,55101
291,52901
292,53420
293,57971
294,65890
295,71755
296,71639
297,71962
298,71969
299,72473
300,72039
301,70596
302,68760
303,67784
304,68148
305,72861
306,76267
307,73095
308,68798
309,64827
310,67670
311,66416
312,62013
313,61047
314,59028
315,57246
316,57571
317,61886
318,69681
319,75522
320,75451
321,75209
322,74740
323,74640
324,73534
325,71747
326,69982
327,68742
328,69023
329,74441
330,78485
331,76070
332,71609
333,67801
334,70618
335,69343
336,64647
337,63591
338,61489
339,59519
340,60159
341,63960
342,71031
343,76284
344,77122
345,77271
346,77011
347,77526
348,77024
349,75478
350,73479
351,72232
352,72079
353,75991
354,79053
355,75731
356,70868
357,66703
358,68833
359,67558
360,63099
361,62097
362,59668
363,57327
364,57442
365,61131
366,68656
367,73830
368,73896
369,74500
370,74634
371,75131
372,74181
373,72684
374,71037
375,69847
376,69816
377,74041
378,77636
379,74046
380,69673
381,65641
382,68230
383,66973
384,62323
385,61505
386,59400
387,57389
388,57646
389,61578
390,69190
391,74852
392,74535
393,74271
394,73539
395,73102
396,71915
397,69372
398,66994
399,65209
400,64976
401,70313
402,73809
403,71327
404,67269
405,64520
406,67515
407,66178
408,61447
409,60085
410,57442
411,54955
412,54351
413,55655
414,58162
415,61309
416,63254
417,65471
418,65480
419,66070
420,67056
421,63736
422,61382
423,60141
424,59871
425,64662
426,67788
427,65985
428,62574
429,60098
430,63448
431,63528
432,59217
433,58125
434,55174
435,52437
436,51211
437,51798
438,52953
439,54545
440,56453
441,59614
442,61509
443,62818
444,64131
445,60166
446,57654
447,56024
448,56284
449,61374
450,66150
451,66156
452,63677
453,60881
454,64235
455,63397
456,59557
457,59174
458,57246
459,55187
460,55969
461,60577
462,68630
463,74602
464,75044
465,75604
466,75414
467,75848
468,75733
469,74036
470,72184
471,70751
472,70815
473,75206
474,79395
475,76401
476,71825
477,67642
478,70650
479,69683
480,65124
481,64369
482,62483
483,60446
484,61025
485,65330
486,73250
487,78491
488,78250
489,78194
490,77869
491,78286
492,77566
493,75701
494,73608
495,72454
496,72549
497,77094
498,81222
499,78027
500,73405
501,69424
502,72284
503,70897
504,66442
505,65984
506,63912
507,61627
508,62169
509,66218
510,73119
511,78240
512,79324
513,79527
514,79148
515,79464
516,78454
517,76579
518,74448
519,72938
520,72844
521,77133
522,81646
523,78312
524,73536
525,69423
526,71849
527,70619
528,66149
529,65803
530,63439
531,61029
532,61151
533,64939
534,72943
535,78699
536,78120
537,77881
538,77284
539,77518
540,76655
541,75120
542,73439
543,72667
544,72596
545,76664
546,80594
547,77167
548,72397
549,68131
550,70690
551,69544
552,65080
553,64178
554,61802
555,59719
556,59808
557,63536
558,71332
559,76662
560,76669
561,76847
562,76729
563,77073
564,76454
565,74278
566,72366
567,70710
568,70568
569,75007
570,78262
571,75192
572,70949
573,67432
574,70731
575,69331
576,64551
577,63183
578,60837
579,58284
580,57565
581,58830
582,60966
583,63682
584,66250
585,68376
586,68411
587,68952
588,69468
589,65932
590,63164
591,61421
592,61224
593,65641
594,69731
595,67941
596,64414
597,62013
598,65958
599,65469
600,61258
601,60099
602,57384
603,54522
604,53317
605,53743
606,54778
607,56098
608,57960
609,60693
610,62590
611,64066
612,65838
613,62079
614,59845
615,58542
616,58539
617,62725
618,67015
619,66809
620,64114
621,61308
622,64364
623,63677
624,59883
625,59612
626,57645
627,55812
628,56696
629,61454
630,69570
631,75582
632,75736
633,75972
634,75658
635,76398
636,76125
637,74620
638,72652
639,71309
640,71202
641,75328
642,81017
643,77881
644,73204
645,69091
646,72025
647,70995
648,66633
649,65903
650,63779
651,61690
652,62189
653,66339
654,74211
655,79593
656,79195
657,79156
658,78644
659,78917
660,78134
661,76495
662,74708
663,73418
664,73480
665,77647
666,82139
667,78902
668,74037
669,69824
670,72118
671,70908
672,66502
673,65692
674,63403
675,61583
676,61681
677,65668
678,72894
679,77855
680,79059
681,79759
682,79647
683,80442
684,79634
685,78162
686,75911
687,74351
688,74227
689,77264
690,82273
691,78978
692,73954
693,69798
694,72444
695,71378
696,66996
697,66245
698,63984
699,61757
700,61931
701,65757
702,73125
703,77739
704,77436
705,77656
706,77486
707,77956
708,77223
709,75626
710,73769
711,72284
712,72090
713,75336
714,80588
715,77307
716,72623
717,68575
718,71445
719,70542
720,66275
721,66805
722,64800
723,62683
724,63082
725,67146
726,74944
727,80503
728,80416
729,80414
730,79560
731,79185
732,77720
733,75103
734,72730
735,71144
736,70858
737,74803
738,79227
739,76415
740,72333
741,68747
742,71808
743,70341
744,65649
745,64265
746,61723
747,58942
748,58085
749,59125
750,61271
751,63893
752,66356
753,68560
754,68837
755,69734
756,70883
757,67704
758,65318
759,63552
760,63129
761,66743
762,71687
763,70003
764,67068
765,64739
766,68746
767,68395
768,64418
769,63411
770,60904
771,58054
772,56878
773,57455
774,58563
775,60106
776,62082
777,64673
778,65537
779,65762
780,66447
781,61993
782,59128
783,57407
784,57119
785,61232
786,68936
787,69368
788,67257
789,64551
790,67804
791,67179
792,63721
793,63591
794,62027
795,60002
796,60693
797,65200
798,72509
799,77127
800,77135
801,76644
802,75603
803,74938
804,74230
805,72308
806,69868
807,68635
808,68420
809,72168
810,78738
811,75795
812,71338
813,67184
814,70054
815,68825
816,64268
817,65138
818,62918
819,60553
820,60620
821,64931
822,72566
823,76965
824,76619
825,76292
826,75282
827,75192
828,73931
829,71814
830,69638
831,68264
832,68141
833,71891
834,78517
835,76049
836,71486
837,67539
838,70159
839,68716
840,64396
841,64459
842,62245
843,60002
844,60040
845,63833
846,70781
847,75740
848,76894
849,77511
850,77367
851,78399
852,77821
853,76054
854,74123
855,72397
856,71883
857,74020
858,80189
859,77175
860,72458
861,68451
862,71116
863,69958
864,65677
865,65030
866,62780
867,60694
868,60969
869,64872
870,72761
871,77368
872,77263
873,76848
874,76389
875,76635
876,75573
877,73627
878,71530
879,69828
880,69097
881,71492
882,77831
883,74309
884,69546
885,65324
886,67524
887,66139
888,61659
889,60458
890,58051
891,55789
892,55949
893,60094
894,67904
895,73248
896,73369
897,73954
898,73787
899,73891
900,72931
901,70486
902,67765
903,65885
904,65103
905,67503
906,73989
907,71934
908,68097
909,64914
910,67847
911,66757
912,62109
913,60911
914,58446
915,55993
916,55052
917,56299
918,58753
919,61152
920,63745
921,66285
922,66659
923,68048
924,69043
925,65770
926,63446
927,61732
928,61289
929,64331
930,70082
931,68588
932,65454
933,63010
934,66657
935,66477
936,62352
937,61399
938,58937
939,56138
940,55007
941,55617
942,56860
943,57854
944,60101
945,62672
946,63723
947,64412
948,65309
949,61174
950,58620
951,56989
952,57134
953,60331
954,68344
955,68303
956,65538
957,62921
958,65593
959,64866
960,60790
961,60421
962,58168
963,55864
964,56347
965,60646
966,67598
967,71752
968,72440
969,73325
970,73527
971,74069
972,73745
973,71980
974,70113
975,68605
976,68254
977,70515
978,77010
979,74325
980,69886
981,65867
982,68731
983,67702
984,63366
985,64171
986,62031
987,59832
988,60334
989,64438
990,72077
991,76064
992,75832
993,75456
994,75180
995,75858
996,75463
997,74031
998,72123
999,70739
1000,70580
1001,73009
1002,79161
1003,76503
1004,71819
1005,67671
1006,70604
1007,69368
1008,64841
1009,65396
1010,63165
1011,60871
1012,61567
1013,65552
1014,72954
1015,76894
1016,77641
1017,76857
1018,75583
1019,75368
1020,74472
1021,72914
1022,71024
1023,69626
1024,69916
1025,72434
1026,79410
1027,76162
1028,71158
1029,67245
1030,69327
1031,68519
1032,63998
1033,63660
1034,61317
1035,59013
1036,59070
1037,63034
1038,70762
1039,75426
1040,75588
1041,76054
1042,75961
1043,76212
1044,75370
1045,73867
1046,71702
1047,70138
1048,69544
1049,71847
1050,79520
1051,76599
1052,72017
1053,67866
1054,70486
1055,69544
1056,65041
1057,64101
1058,62114
1059,59885
1060,60069
1061,63935
1062,71713
1063,76005
1064,76045
1065,75896
1066,75503
1067,75498
1068,75229
1069,72948
1070,70189
1071,68149
1072,67404
1073,69161
1074,74592
1075,71455
1076,67024
1077,63564
1078,66130
1079,64993
1080,60066
1081,58605
1082,55969
1083,53096
1084,52042
1085,53359
1086,55634
1087,57542
1088,60448
1089,62816
1090,63179
1091,64266
1092,65303
1093,62332
1094,60094
1095,58312
1096,57893
1097,60272
1098,66584
1099,65475
1100,62245
1101,59828
1102,63701
1103,63438
1104,59300
1105,58367
1106,55717
1107,52988
1108,51912
1109,52416
1110,53756
1111,54259
1112,56825
1113,59261
1114,60420
1115,61016
1116,61935
1117,57852
1118,54995
1119,53158
1120,52937
1121,55456
1122,64135
1123,64816
1124,62449
1125,59906
1126,63187
1127,62645
1128,59005
1129,58689
1130,56841
1131,54970
1132,55814
1133,60451
1134,67885
1135,71533
1136,72284
1137,71753
1138,70632
1139,70554
1140,69535
1141,67259
1142,64349
1143,62364
1144,61799
1145,63853
1146,72663
1147,71169
1148,66893
1149,63205
1150,66416
1151,65309
1152,60811
1153,61307
1154,59311
1155,57062
1156,57385
1157,61496
1158,68988
1159,73080
1160,74179
1161,74316
1162,73696
1163,73776
1164,72685
1165,70617
1166,68459
1167,66812
1168,66288
1169,67946
1170,75076
1171,72916
1172,67907
1173,64186
1174,66686
1175,65495
1176,61050
1177,60306
1178,58010
1179,55721
1180,56146
1181,59890
1182,66966
1183,70484
1184,72052
1185,72743
1186,72315
1187,72307
1188,71341
1189,69470
1190,67461
1191,65820
1192,65218
1193,66901
1194,74078
1195,71766
1196,67004
1197,63140
1198,65574
1199,64707
1200,60236
1201,59359
1202,57294
1203,55021
1204,55255
1205,58970
1206,66428
1207,69852
1208,70599
1209,70645
1210,70123
1211,70709
1212,69907
1213,68248
1214,66222
1215,64627
1216,63917
1217,65500
1218,72608
1219,70298
1220,65806
1221,61884
1222,64562
1223,63642
1224,59260
1225,58380
1226,56298
1227,54410
1228,55027
1229,58789
1230,66390
1231,70009
1232,71175
1233,71349
1234,70835
1235,71116
1236,70436
1237,68034
1238,65875
1239,64212
1240,63071
1241,64832
1242,72111
1243,71075
1244,67245
1245,64245
1246,67450
1247,66316
1248,61802
1249,60748
1250,58340
1251,55947
1252,55062
1253,56540
1254,58999
1255,60484
1256,63111
1257,64496
1258,64084
1259,64143
1260,64632
1261,61197
1262,58507
1263,56603
1264,55848
1265,57721
1266,65109
1267,64713
1268,61610
1269,59229
1270,63103
1271,62841
1272,58732
1273,57888
1274,55359
1275,52714
1276,51589
1277,52331
1278,53495
1279,53758
1280,56270
1281,57592
1282,57722
1283,57565
1284,58000
1285,53670
1286,50542
1287,48629
1288,48238
1289,50886
1290,59979
1291,61766
1292,59792
1293,57496
1294,60958
1295,60542
1296,56835
1297,56424
1298,54508
1299,52711
1300,53560
1301,58181
1302,65257
1303,68474
1304,69528
1305,68760
1306,67524
1307,67220
1308,66286
1309,64293
1310,61562
1311,59670
1312,58578
1313,59881
1314,68412
1315,67680
1316,63399
1317,59984
1318,63010
1319,62401
1320,58135
1321,57478
1322,55368
1323,53457
1324,53887
1325,57666
1326,64250
1327,67520
1328,69240
1329,69844
1330,69766
1331,70332
1332,69664
1333,68351
1334,66662
1335,65573
1336,64858
1337,66423
1338,73080
1339,71500
1340,66882
1341,63170
1342,65960
1343,64764
1344,60448
1345,59570
1346,57543
1347,55863
1348,56143
1349,60030
1350,65944
1351,68970
1352,70872
1353,71330
1354,71004
1355,71344
1356,70526
1357,68711
1358,66454
1359,64398
1360,63551
1361,64459
1362,71981
1363,71240
1364,67026
1365,63708
1366,66449
1367,65966
1368,61885
1369,62468
1370,60181
1371,58147
1372,58240
1373,61840
1374,68913
1375,71926
1376,73517
1377,74017
1378,73963
1379,74856
1380,74067
1381,72346
1382,70143
1383,68460
1384,67750
1385,68701
1386,75418
1387,73943
1388,69368
1389,65511
1390,68450
1391,67202
1392,62766
1393,61947
1394,59911
1395,57517
1396,57956
1397,61512
1398,67694
1399,70849
1400,73147
1401,73970
1402,73918
1403,74847
1404,74771
1405,72758
1406,70710
1407,68972
1408,67974
1409,68853
1410,74873
1411,73927
1412,69829
1413,66313
1414,69560
1415,68387
1416,63622
1417,62401
1418,59747
1419,57216
1420,56376
1421,57680
1422,59965
1423,61183
1424,64169
1425,65872
1426,65569
1427,65858
1428,66652
1429,63165
1430,60804
1431,58751
1432,57757
1433,59609
1434,66670
1435,67291
1436,63845
1437,61907
1438,66194
1439,66034
1440,62039
1441,61393
1442,58963
1443,56283
1444,55392
1445,56053
1446,57330
1447,57707
1448,59956
1449,61016
1450,60841
1451,60640
1452,61166
1453,57089
1454,54434
1455,52926
1456,53000
1457,55816
1458,63545
1459,65495
1460,62979
1461,60621
1462,63856
1463,63171
1464,59306
1465,58798
1466,56608
1467,54668
1468,55318
1469,59626
1470,65709
1471,68828
1472,71385
1473,72466
1474,72621
1475,73391
1476,72929
1477,71405
1478,69421
1479,67742
1480,66829
1481,67884
1482,75132
1483,74571
1484,69723
1485,66043
1486,69167
1487,68021
1488,63488
1489,63253
1490,61279
1491,59110
1492,59262
1493,63132
1494,68761
1495,70965
1496,72476
1497,72578
1498,71509
1499,71734
1500,71065
1501,69309
1502,67122
1503,65499
1504,64893
1505,66020
1506,72761
1507,72514
1508,67794
1509,64140
1510,67175
1511,66124
1512,61996
1513,62846
1514,60859
1515,58719
1516,58879
1517,62760
1518,68090
1519,70377
1520,71652
1521,70874
1522,69211
1523,68573
1524,67339
1525,65129
1526,62533
1527,60418
1528,59529
1529,60471
1530,67779
1531,69470
1532,65439
1533,62490
1534,65619
1535,64934
1536,60797
1537,61716
1538,59651
1539,57896
1540,58238
1541,62466
1542,68709
1543,71493
1544,72321
1545,71215
1546,69230
1547,68151
1548,66914
1549,64654
1550,61998
1551,59782
1552,58754
1553,59900
1554,67197
1555,68856
1556,64789
1557,61795
1558,64845
1559,64194
1560,60348
1561,59797
1562,58009
1563,56317
1564,56958
1565,60711
1566,67052
1567,70138
1568,71000
1569,70149
1570,68064
1571,67138
1572,65708
1573,62960
1574,60339
1575,58052
1576,56932
1577,58282
1578,64723
1579,66166
1580,62266
1581,59525
1582,62737
1583,62071
1584,57933
1585,56806
1586,54455
1587,52188
1588,51697
1589,53198
1590,55424
1591,56878
1592,58898
1593,58940
1594,57212
1595,56350
1596,56660
1597,52909
1598,50020
1599,47785
1600,46591
1601,48006
1602,54887
1603,57771
1604,54756
1605,52856
1606,56805
1607,56965
1608,53214
1609,52358
1610,49938
1611,47467
1612,46561
1613,47428
1614,48451
1615,48893
1616,50511
1617,51153
1618,50722
1619,50809
1620,51422
1621,47022
1622,44346
1623,42273
1624,41301
1625,43162
1626,50637
1627,55207
1628,53417
1629,51209
1630,54869
1631,54588
1632,51039
1633,50726
1634,49159
1635,47548
1636,48622
1637,53279
1638,60267
1639,63424
1640,63853
1641,63139
1642,61614
1643,61074
1644,60264
1645,58518
1646,56335
1647,54397
1648,53317
1649,54221
1650,61167
1651,63265
1652,58905
1653,55582
1654,58436
1655,57711
1656,53695
1657,53085
1658,50927
1659,49008
1660,49721
1661,53685
1662,60330
1663,63094
1664,64642
1665,64260
1666,63165
1667,63128
1668,62133
1669,60477
1670,58143
1671,56382
1672,55398
1673,56470
1674,63051
1675,65087
1676,60668
1677,57048
1678,59674
1679,58892
1680,54772
1681,54137
1682,52246
1683,50620
1684,51132
1685,55136
1686,61122
1687,64155
1688,65288
1689,64708
1690,63362
1691,62536
1692,61445
1693,59338
1694,57056
1695,55015
1696,53915
1697,54810
1698,61502
1699,64149
1700,59765
1701,56621
1702,59289
1703,58860
1704,54735
1705,54152
1706,52083
1707,50382
1708,51065
1709,55133
1710,61759
1711,64777
1712,65055
1713,64397
1714,62989
1715,62231
1716,61026
1717,58996
1718,56900
1719,55026
1720,53663
1721,54332
1722,60809
1723,63740
1724,59115
1725,55784
1726,58664
1727,57926
1728,53831
1729,53190
1730,51247
1731,49542
1732,50083
1733,54022
1734,60328
1735,63687
1736,64162
1737,63529
1738,62110
1739,61255
1740,60208
1741,57615
1742,55390
1743,53325
1744,52071
1745,53018
1746,58561
1747,61093
1748,57257
1749,54543
1750,57876
1751,57256
1752,52352
1753,51167
1754,48755
1755,46447
1756,45631
1757,47214
1758,48920
1759,50746
1760,53571
1761,55267
1762,55163
1763,55706
1764,56578
1765,53045
1766,50904
1767,49100
1768,48458
1769,49768
1770,55046
1771,57511
1772,54384
1773,52117
1774,55830
1775,55681
1776,51605
1777,50438
1778,47811
1779,45369
1780,44403
1781,45088
1782,45405
1783,46258
1784,48541
1785,49975
1786,50185
1787,50639
1788,51263
1789,46971
1790,44215
1791,42095
1792,41056
1793,42643
1794,48901
1795,54486
1796,52398
1797,49960
1798,53230
1799,52907
1800,49381
1801,48967
1802,47105
1803,45289
1804,46185
1805,50549
1806,56888
1807,60090
1808,61112
1809,61263
1810,60913
1811,60890
1812,60604
1813,58710
1814,56474
1815,54690
1816,53344
1817,53998
1818,59448
1819,62323
1820,57877
1821,54225
1822,57038
1823,56261
1824,51886
1825,51771
1826,49520
1827,47581
1828,47977
1829,52075
1830,58635
1831,62109
1832,63371
1833,63484
1834,63062
1835,63188
1836,62540
1837,60700
1838,58987
1839,57373
1840,56828
1841,57951
1842,63189
1843,64664
1844,59926
1845,56171
1846,58682
1847,57585
1848,52974
1849,52055
1850,49854
1851,48052
1852,48568
1853,52727
1854,58598
1855,61842
1856,63355
1857,63326
1858,62332
1859,62080
1860,61194
1861,58981
1862,56649
1863,54761
1864,53380
1865,53909
1866,58955
1867,62781
1868,58389
1869,54853
1870,57522
1871,57238
1872,52828
1873,52288
1874,50420
1875,48591
1876,49128
1877,53459
1878,59577
1879,62474
1880,62080
1881,61039
1882,59961
1883,59576
1884,58851
1885,57040
1886,55339
1887,53409
1888,52218
1889,52890
1890,57912
1891,60952
1892,56507
1893,52987
1894,55578
1895,54698
1896,50149
1897,49151
1898,46956
1899,44979
1900,45408
1901,49526
1902,55322
1903,59331
1904,60666
1905,61319
1906,61025
1907,61068
1908,60636
1909,58265
1910,56331
1911,54409
1912,53333
1913,54434
1914,58611
1915,61221
1916,57118
1917,53938
1918,57024
1919,55901
1920,51120
1921,49632
1922,47082
1923,45030
1924,44411
1925,45921
1926,47188
1927,49658
1928,53250
1929,55480
1930,55988
1931,57298
1932,58523
1933,55186
1934,53023
1935,51685
1936,50895
1937,52489
1938,56758
1939,59767
1940,56537
1941,54313
1942,58195
1943,58091
1944,53992
1945,53129
1946,50498
1947,48146
1948,47349
1949,48106
1950,48165
1951,49711
1952,51989
1953,53517
1954,54189
1955,55466
1956,56795
1957,52981
1958,50634
1959,49114
1960,48607
1961,50435
1962,55417
1963,60841
1964,58932
1965,56793
1966,60275
1967,59622
1968,55817
1969,55244
1970,53280
1971,51486
1972,52463
1973,57235
1974,62621
1975,65431
1976,65963
1977,65345
1978,64696
1979,64841
1980,64803
1981,63226
1982,61336
1983,59861
1984,59303
1985,60724
1986,65949
1987,68446
1988,63844
1989,60001
1990,62752
1991,61653
1992,57328
1993,57852
1994,55346
1995,53471
1996,53900
1997,58088
1998,63139
1999,66069
2000,66781
2001,67001
2002,66658
2003,67242
2004,66972
2005,65253
2006,63468
2007,62013
2008,61293
2009,62078
2010,66678
2011,69265
2012,64527
2013,60688
2014,63353
2015,62039
2016,57661
2017,58329
2018,56064
2019,54345
2020,54753
2021,58837
2022,63258
2023,66199
2024,67284
2025,66609
2026,65703
2027,65887
2028,65416
2029,63823
2030,61930
2031,60358
2032,59677
2033,60745
2034,65732
2035,69050
2036,64646
2037,60905
2038,63678
2039,63116
2040,58785
2041,59615
2042,57498
2043,55650
2044,55986
2045,60470
2046,65718
2047,68150
2048,68008
2049,67223
2050,66044
2051,65679
2052,65097
2053,62931
2054,61236
2055,59634
2056,58649
2057,59648
2058,64402
2059,67999
2060,63695
2061,59970
2062,62928
2063,62080
2064,57806
2065,58557
2066,56432
2067,54469
2068,54902
2069,59084
2070,64677
2071,67901
2072,67695
2073,66473
2074,64908
2075,64281
2076,63513
2077,60799
2078,58265
2079,56319
2080,54876
2081,55792
2082,59704
2083,63755
2084,60110
2085,57185
2086,60016
2087,58993
2088,54370
2089,53344
2090,50754
2091,48618
2092,48035
2093,49458
2094,50254
2095,52706
2096,54504
2097,55020
2098,53938
2099,53931
2100,54731
2101,51446
2102,48921
2103,47115
2104,46146
2105,47251
2106,51255
2107,55326
2108,52358
2109,49983
2110,53568
2111,53404
2112,49202
2113,48146
2114,48146
2115,45572
2116,42924
2117,42650
2118,43350
2119,43019
2120,45432
2121,47646
2122,49039
2123,49846
2124,51683
2125,47863
2126,45277
2127,43327
2128,42250
2129,43052
2130,46527
2131,49835
2132,51990
2133,50047
2134,52708
2135,52424
2136,48220
2137,46054
2138,43470
2139,43892
2140,47927
2141,55249
2142,58719
2143,60076
2144,59930
2145,59263
2146,58903
2147,58528
2148,57052
2149,55039
2150,53173
2151,51761
2152,51590
2153,54026
2154,54730
2155,55715
2156,52509
2157,55085
2158,54220
2159,49484
2160,48238
2161,46126
2162,44356
2163,44703
2164,48416
2165,55814
2166,59234
2167,60292
2168,59824
2169,58935
2170,58930
2171,58512
2172,56746
2173,54911
2174,53083
2175,51274
2176,51214
2177,53340
2178,53692
2179,54902
2180,51682
2181,54017
2182,53106
2183,48427
2184,47163
2185,45005
2186,43157
2187,43396
2188,46893
2189,53360
2190,56149
2191,58460
2192,59052
2193,58479
2194,59107
2195,58581
2196,56900
2197,55104
2198,53272
2199,52119
2200,51976
2201,54687
2202,54914
2203,54693
2204,51445
2205,53910
2206,53057
2207,48074
2208,47119
2209,44870
2210,42790
2211,42816
2212,46090
2213,53328
2214,56773
2215,58577
2216,59104
2217,59336
2218,60072
2219,59881
2220,58658
2221,57190
2222,55788
2223,54387
2224,54723
2225,57227
2226,56907
2227,56359
2228,52820
2229,55036
2230,54275
2231,49278
2232,47953
2233,45743
2234,43891
2235,43884
2236,47406
2237,54510
2238,58037
2239,59716
2240,60541
2241,60229
2242,60699
2243,60334
2244,58087
2245,56301
2246,54169
2247,52769
2248,52922
2249,54570
2250,54377
2251,55040
2252,52627
2253,55220
2254,54353
2255,49365
2256,47793
2257,45224
2258,42917
2259,42371
2260,43587
2261,45679
2262,47294
2263,50249
2264,52014
2265,51688
2266,52089
2267,53216
2268,49876
2269,47636
2270,45717
2271,44421
2272,44662
2273,46649
2274,47494
2275,49035
2276,47184
2277,50632
2278,50611
2279,46091
2280,44585
2281,41914
2282,39405
2283,38306
2284,38752
2285,39413
2286,39899
2287,42584
2288,44868
2289,46026
2290,47297
2291,48832
2292,45103
2293,42769
2294,40980
2295,40144
2296,40710
2297,43440
2298,45261
2299,48099
2300,46161
2301,49085
2302,48499
2303,44271
2304,43411
2305,41282
2306,39564
2307,40040
2308,43949
2309,50963
2310,54261
2311,55817
2312,56188
2313,55791
2314,56379
2315,56263
2316,54878
2317,53264
2318,51770
2319,50435
2320,50225
2321,52471
2322,52247
2323,52593
2324,49655
2325,52161
2326,51228
2327,46536
2328,45240
2329,43357
2330,41668
2331,41936
2332,45584
2333,52539
2334,55926
2335,58002
2336,58452
2337,58276
2338,58828
2339,58624
2340,57183
2341,55387
2342,53853
2343,52560
2344,52240
2345,54435
2346,54022
2347,54527
2348,52239
2349,55086
2350,53854
2351,49222
2352,48265
2353,46482
2354,44741
2355,45367
2356,49153
2357,55502
2358,58832
2359,60657
2360,60703
2361,59650
2362,59574
2363,58864
2364,57076
2365,55258
2366,53042
2367,51512
2368,51042
2369,52878
2370,52789
2371,53747
2372,51747
2373,54350
2374,53741
2375,49060
2376,48120
2377,45907
2378,44221
2379,44869
2380,48714
2381,55320
2382,58824
2383,59342
2384,59036
2385,58069
2386,58036
2387,57477
2388,55630
2389,54237
2390,52409
2391,50911
2392,50637
2393,52483
2394,51942
2395,52731
2396,50612
2397,53115
2398,52398
2399,47519
2400,46460
2401,44342
2402,42730
2403,43209
2404,46817
2405,52956
2406,56435
2407,57668
2408,57779
2409,57210
2410,57263
2411,56903
2412,54858
2413,53159
2414,51161
2415,49360
2416,49530
2417,50859
2418,50472
2419,51536
2420,50049
2421,52661
2422,51875
2423,46677
2424,45355
2425,42785
2426,40782
2427,40344
2428,41572
2429,42993
2430,44935
2431,48001
2432,49648
2433,49304
2434,49797
2435,50918
2436,47682
2437,45673
2438,43514
2439,42559
2440,42857
2441,44967
2442,45568
2443,47008
2444,45865
2445,49316
2446,49088
2447,44686
2448,43447
2449,40681
2450,38366
2451,37457
2452,37860
2453,38268
2454,39210
2455,42135
2456,44361
2457,45450
2458,46520
2459,48136
2460,44491
2461,42307
2462,40462
2463,39399
2464,40233
2465,42952
2466,44704
2467,47423
2468,46349
2469,49486
2470,48629
2471,44596
2472,43748
2473,41754
2474,40079
2475,40843
2476,45106
2477,51227
2478,55004
2479,56603
2480,57101
2481,56917
2482,57274
2483,57146
2484,55536
2485,53878
2486,51934
2487,50348
2488,49956
2489,51925
2490,51779
2491,52167
2492,50515
2493,53334
2494,52410
2495,47864
2496,46953
2497,44763
2498,43213
2499,43739
2500,47607
2501,52890
2502,56894
2503,58269
2504,58633
2505,58365
2506,58780
2507,58290
2508,56668
2509,54967
2510,53191
2511,51705
2512,51389
2513,53157
2514,52768
2515,53342
2516,52135
2517,54870
2518,53673
2519,49001
2520,48038
2521,46160
2522,44777
2523,45277
2524,48909
2525,54336
2526,57931
2527,59678
2528,59682
2529,58940
2530,59066
2531,58597
2532,56925
2533,54956
2534,52955
2535,51489
2536,51238
2537,53145
2538,52720
2539,53093
2540,51985
2541,54605
2542,53836
2543,49386
2544,48357
2545,46325
2546,44869
2547,45150
2548,48921
2549,54478
2550,57957
2551,58864
2552,58743
2553,58040
2554,58345
2555,57718
2556,55865
2557,54325
2558,52490
2559,50822
2560,50327
2561,52278
2562,51938
2563,52374
2564,50658
2565,53227
2566,52517
2567,47588
2568,46552
2569,44267
2570,42446
2571,42620
2572,45425
2573,50372
2574,54257
2575,56377
2576,57378
2577,57566
2578,57828
2579,57810
2580,55900
2581,54064
2582,52252
2583,50784
2584,50737
2585,52179
2586,51700
2587,52178
2588,51616
2589,54282
2590,53427
2591,48565
2592,47166
2593,44740
2594,42606
2595,42276
2596,43592
2597,44390
2598,46772
2599,49771
2600,51346
2601,51343
2602,51803
2603,53118
2604,50093
2605,48174
2606,46395
2607,45157
2608,45631
2609,47557
2610,48173
2611,48942
2612,48747
2613,52388
2614,52107
2615,47539
2616,46298
2617,43702
2618,41140
2619,40126
2620,40525
2621,40322
2622,41836
2623,44896
2624,47109
2625,48126
2626,48856
2627,49936
2628,45948
2629,43636
2630,41987
2631,40944
2632,41618
2633,43968
2634,45784
2635,47350
2636,47253
2637,50782
2638,50244
2639,45743
2640,44684
2641,42210
2642,40030
2643,39365
2644,40298
2645,40264
2646,41889
2647,44706
2648,47006
2649,48254
2650,49287
2651,50303
2652,46724
2653,44492
2654,42863
2655,41939
2656,42762
2657,45552
2658,46994
2659,47978
2660,47585
2661,51048
2662,50120
2663,45716
2664,44672
2665,42531
2666,40754
2667,41412
2668,45474
2669,50337
2670,54666
2671,57142
2672,58285
2673,58165
2674,58663
2675,58522
2676,56818
2677,55336
2678,53796
2679,52071
2680,51901
2681,53738
2682,53320
2683,52412
2684,51391
2685,54127
2686,53027
2687,48071
2688,46870
2689,44731
2690,43109
2691,43334
2692,46831
2693,50715
2694,54816
2695,57242
2696,57798
2697,57587
2698,57945
2699,57311
2700,56108
2701,54511
2702,52946
2703,51502
2704,51320
2705,53390
2706,52662
2707,51806
2708,50536
2709,53257
2710,52245
2711,47508
2712,46350
2713,43997
2714,42087
2715,42269
2716,45451
2717,49922
2718,53937
2719,56030
2720,56965
2721,56840
2722,57414
2723,57244
2724,55801
2725,54131
2726,52670
2727,51096
2728,51112
2729,53211
2730,52324
2731,51671
2732,50388
2733,52958
2734,51793
2735,46906
2736,45478
2737,43241
2738,41454
2739,41551
2740,44666
2741,49038
2742,53236
2743,55908
2744,57164
2745,57531
2746,58235
2747,58078
2748,56194
2749,54448
2750,52753
2751,51215
2752,50957
2753,52175
2754,51368
2755,50722
2756,50293
2757,52969
2758,51855
2759,46883
2760,45458
2761,42905
2762,40767
2763,40268
2764,41318
2765,41826
2766,44248
2767,47024
2768,49085
2769,49836
2770,50708
2771,52139
2772,49329
2773,47296
2774,45693
2775,44581
2776,45154
2777,47416
2778,47523
2779,47294
2780,47133
2781,50799
2782,50570
2783,46075
2784,44720
2785,42065
2786,39800
2787,38817
2788,39358
2789,38949
2790,40408
2791,43105
2792,45548
2793,47287
2794,48957
2795,50208
2796,46655
2797,44285
2798,42612
2799,41922
2800,42731
2801,45104
2802,46711
2803,47586
2804,47947
2805,51206
2806,50237
2807,45862
2808,44925
2809,42796
2810,41030
2811,41744
2812,45313
2813,49640
2814,54268
2815,56854
2816,58283
2817,58641
2818,59251
2819,58983
2820,57597
2821,55748
2822,53914
2823,52271
2824,51970
2825,53839
2826,53430
2827,52164
2828,51676
2829,54579
2830,53536
2831,48696
2832,47546
2833,45128
2834,43417
2835,43661
2836,46908
2837,51094
2838,55531
2839,58050
2840,58920
2841,58897
2842,59355
2843,58947
2844,57692
2845,55787
2846,54048
2847,52850
2848,52654
2849,54721
2850,54341
2851,52825
2852,52115
2853,54813
2854,53464
2855,48611
2856,47358
2857,45018
2858,43140
2859,43518
2860,46791
2861,50553
2862,54989
2863,57577
2864,58411
2865,58432
2866,58582
2867,58337
2868,56689
2869,54914
2870,52862
2871,51300
2872,50714
2873,52075
2874,51149
2875,49792
2876,49436
2877,52204
2878,51041
2879,52098
2880,50938
2881,45959
2882,44332
2883,41636
2884,39077
2885,37697
2886,37981
2887,37444
2888,38921
2889,41127
2890,42982
2891,44185
2892,45828
2893,47559
2894,44767
2895,42448
2896,40769
2897,40055
2898,40787
2899,43626
2900,45144
2901,45366
2902,45660
2903,49088
2904,48293
2905,43868
2906,42748
2907,40528
2908,38632
2909,38958
2910,41447
2911,44023
2912,47814
2913,51011
2914,52759
2915,53267
2916,54492
2917,55134
2918,52542
2919,50809
2920,48913
2921,47658
2922,48070
2923,49738
2924,49485
2925,48761
2926,48894
2927,52014
2928,51094
2929,46385
2930,45020
2931,42697
2932,40627
2933,40164
2934,41387
2935,41824
2936,44379
2937,47241
2938,49121
2939,49422
2940,50203
2941,51478
2942,48387
2943,46444
2944,44463
2945,43366
2946,43834
2947,45835
2948,46006
2949,45490
2950,47021
2951,50817
2952,50553
2953,46177
2954,44931
2955,42595
2956,40415
2957,39737
2958,40365
2959,39859
2960,41236
2961,43121
2962,44702
2963,45289
2964,46037
2965,47537
2966,43803
2967,41401
2968,39363
2969,38164
2970,38950
2971,41603
2972,43112
2973,43991
2974,45668
2975,49124
2976,48343
2977,44261
2978,43381
2979,41409
2980,39944
2981,40911
2982,44628
2983,49328
2984,53128
2985,54737
2986,54834
2987,54576
2988,54959
2989,54729
2990,53519
2991,51649
2992,50118
2993,48294
2994,48056
2995,49621
2996,49321
2997,47995
2998,48297
2999,50982
3000,49902
3001,45087
3002,43726
3003,41389
3004,39621
3005,39908
3006,42579
3007,46867
3008,51443
3009,53697
3010,54525
3011,54799
3012,55609
3013,55551
3014,54320
3015,53135
3016,51746
3017,50479
3018,50217
3019,52144
3020,51388
3021,49339
3022,49095
3023,51499
3024,50353
3025,45321
3026,43937
3027,41682
3028,39970
3029,40402
3030,43208
3031,47248
3032,51668
3033,54380
3034,55543
3035,55702
3036,56558
3037,56364
3038,55026
3039,53413
3040,51777
3041,50218
3042,49444
3043,50576
3044,49523
3045,47560
3046,48530
3047,51392
3048,50249
3049,45106
3050,43761
3051,41120
3052,38672
3053,37598
3054,37864
3055,37758
3056,39681
3057,42144
3058,44567
3059,45771
3060,47208
3061,48940
3062,46044
3063,44066
3064,42564
3065,41641
3066,42323
3067,44554
3068,45285
3069,44703
3070,45185
3071,48718
3072,47918
3073,43153
3074,41928
3075,39458
3076,37579
3077,37678
3078,40004
3079,42835
3080,46408
3081,48953
3082,50622
3083,50822
3084,52091
3085,52520
3086,50430
3087,48695
3088,46948
3089,45837
3090,45834
3091,46905
3092,46162
3093,44877
3094,45982
3095,49071
3096,48001
3097,43159
3098,41521
3099,38979
3100,37053
3101,36464
3102,37346
3103,37656
3104,40078
3105,43045
3106,45765
3107,46858
3108,48276
3109,49845
3110,47155
3111,45310
3112,43658
3113,42579
3114,42938
3115,44467
3116,44046
3117,43018
3118,44275
3119,48026
3120,47835
3121,43004
3122,41358
3123,38653
3124,36206
3125,35431
3126,35313
3127,34981
3128,36533
3129,39204
3130,41848
3131,43691
3132,45644
3133,47215
3134,43694
3135,41898
3136,40203
3137,39392
3138,40095
3139,42632
3140,43777
3141,43731
3142,45114
3143,48556
3144,47746
3145,43259
3146,42386
3147,40314
3148,38663
3149,39408
3150,42831
3151,48299
3152,52810
3153,54640
3154,55521
3155,55948
3156,56814
3157,56857
3158,55636
3159,54111
3160,52849
3161,51376
3162,51177
3163,53240
3164,52268
3165,49817
3166,50009
3167,53140
3168,52090
3169,47134
3170,45951
3171,43877
3172,42176
3173,42615
3174,45649
3175,51153
3176,55561
3177,56857
3178,57341
3179,57400
3180,57992
3181,57708
3182,56499
3183,55197
3184,53368
3185,52090
3186,51937
3187,53557
3188,52378
3189,50093
3190,50530
3191,53830
3192,52681
3193,47659
3194,46271
3195,44439
3196,42712
3197,43134
3198,46011
3199,50917
3200,55052
3201,57040
3202,57426
3203,57088
3204,57593
3205,57287
3206,55857
3207,54146
3208,52395
3209,51088
3210,50626
3211,52313
3212,51417
3213,49279
3214,49693
3215,52691
3216,51947
3217,46949
3218,45704
3219,43698
3220,42005
3221,42478
3222,45199
3223,50680
3224,54862
3225,55937
3226,56409
3227,56177
3228,56562
3229,56429
3230,54983
3231,53468
3232,51877
3233,50459
3234,50121
3235,51882
3236,50937
3237,48463
3238,49448
3239,52461
3240,51689
3241,46855
3242,45821
3243,43435
3244,41782
3245,42155
3246,44878
3247,50285
3248,54121
3249,55136
3250,55654
3251,55479
3252,55741
3253,55553
3254,53758
3255,52146
3256,50206
3257,48731
3258,48660
3259,49525
3260,48482
3261,46513
3262,47914
3263,51149
3264,50012
3265,44839
3266,43199
3267,40770
3268,38638
3269,37978
3270,38324
3271,39547
3272,41860
3273,44479
3274,46329
3275,46527
3276,47186
3277,48611
3278,45767
3279,43930
3280,42118
3281,41088
3282,41302
3283,42636
3284,42233
3285,40910
3286,42695
3287,46785
3288,46683
3289,42015
3290,40438
3291,37743
3292,35433
3293,34623
3294,34133
3295,34050
3296,35504
3297,37904
3298,40008
3299,41360
3300,42564
3301,44247
3302,41066
3303,39314
3304,37672
3305,36892
3306,37596
3307,39985
3308,41082
3309,40817
3310,42248
3311,45853
3312,44984
3313,40379
3314,39334
3315,37013
3316,35323
3317,35972
3318,38934
3319,43946
3320,48314
3321,50481
3322,51815
3323,52514
3324,53565
3325,53788
3326,52808
3327,51610
3328,50215
3329,49176
3330,48880
3331,50430
3332,49098
3333,46411
3334,46257
3335,49289
3336,48099
3337,42998
3338,41643
3339,39535
3340,37663
3341,37864
3342,40116
3343,45116
3344,49528
3345,51727
3346,52986
3347,53472
3348,54570
3349,54774
3350,53550
3351,52299
3352,51053
3353,49897
3354,49876
3355,51407
3356,49889
3357,47275
3358,47088
3359,49835
3360,48536
3361,43231
3362,41923
3363,39583
3364,38067
3365,38022
3366,40333
3367,45016
3368,49531
3369,52487
3370,53964
3371,55076
3372,56196
3373,56016
3374,54994
3375,53651
3376,52085
3377,50932
3378,50661
3379,52392
3380,51103
3381,48127
3382,47326
3383,50313
3384,49096
3385,43944
3386,42655
3387,40381
3388,38452
3389,38639
3390,40828
3391,45748
3392,50097
3393,51983
3394,53230
3395,54178
3396,55089
3397,55225
3398,53703
3399,52701
3400,51348
3401,50194
3402,49959
3403,51683
3404,50156
3405,47237
3406,47043
3407,50202
3408,49086
3409,44057
3410,42692
3411,40403
3412,38554
3413,38829
3414,41072
3415,46082
3416,50631
3417,52594
3418,53626
3419,54224
3420,54818
3421,54878
3422,53151
3423,51862
3424,50305
3425,48913
3426,48846
3427,49931
3428,48618
3429,46249
3430,46781
3431,50192
3432,48955
3433,43670
3434,42022
3435,39418
3436,37324
3437,36821
3438,36982
3439,38153
3440,40605
3441,43887
3442,45912
3443,46685
3444,47746
3445,49292
3446,46438
3447,44459
3448,42717
3449,41589
3450,41920
3451,43279
3452,42740
3453,41520
3454,42763
3455,47098
3456,46860
3457,42114
3458,40519
3459,37702
3460,35419
3461,34547
3462,33925
3463,34177
3464,35963
3465,38695
3466,41028
3467,42382
3468,43663
3469,45356
3470,41738
3471,39788
3472,38308
3473,37502
3474,38338
3475,40890
3476,42251
3477,41855
3478,42717
3479,46613
3480,45633
3481,40997
3482,39769
3483,37563
3484,35854
3485,36475
3486,39291
3487,44790
3488,49787
3489,52202
3490,53522
3491,54416
3492,55329
3493,55454
3494,54271
3495,53168
3496,51647
3497,50362
3498,50173
3499,52203
3500,50844
3501,47892
3502,47306
3503,50917
3504,49617
3505,44373
3506,43054
3507,40773
3508,39049
3509,39289
3510,41775
3511,47206
3512,52088
3513,54416
3514,55402
3515,55830
3516,56690
3517,56473
3518,55182
3519,53835
3520,52356
3521,50888
3522,50571
3523,52078
3524,50754
3525,47940
3526,47945
3527,51617
3528,50241
3529,45011
3530,43674
3531,41236
3532,39508
3533,39644
3534,42013
3535,47000
3536,51480
3537,54108
3538,55189
3539,55525
3540,56598
3541,56625
3542,55258
3543,53722
3544,52111
3545,50774
3546,49948
3547,51063
3548,49901
3549,47393
3550,47329
3551,51207
3552,49837
3553,44320
3554,42767
3555,40178
3556,37700
3557,36415
3558,35814
3559,36413
3560,38629
3561,41332
3562,43571
3563,44763
3564,46284
3565,47886
3566,44901
3567,42843
3568,41167
3569,40237
3570,40762
3571,42612
3572,43266
3573,42053
3574,42675
3575,47252
3576,46376
3577,41685
3578,40263
3579,37885
3580,36146
3581,36122
3582,37317
3583,40417
3584,44106
3585,46697
3586,48503
3587,48869
3588,50077
3589,50893
3590,48869
3591,47506
3592,46034
3593,44832
3594,44950
3595,46178
3596,45200
3597,43033
3598,43381
3599,47800
3600,46934
3601,41771
3602,40465
3603,37739
3604,35699
3605,35142
3606,35100
3607,36068
3608,38367
3609,41630
3610,43809
3611,44597
3612,45742
3613,47312
3614,44707
3615,43094
3616,41360
3617,40282
3618,40644
3619,41917
3620,41370
3621,39642
3622,40854
3623,45840
3624,45302
3625,40564
3626,39093
3627,36299
3628,34026
3629,33281
3630,32364
3631,32576
3632,34090
3633,36622
3634,39095
3635,40567
3636,42119
3637,43880
3638,40896
3639,39171
3640,37631
3641,36931
3642,37819
3643,40252
3644,41287
3645,40632
3646,41505
3647,45713
3648,44527
3649,39923
3650,38649
3651,36495
3652,34906
3653,35600
3654,37959
3655,43595
3656,48210
3657,50404
3658,51784
3659,52487
3660,53247
3661,53715
3662,52783
3663,51466
3664,49915
3665,48720
3666,48381
3667,49983
3668,48637
3669,45817
3670,45403
3671,49451
3672,48253
3673,42763
3674,41515
3675,39115
3676,37506
3677,37790
3678,39621
3679,44812
3680,49335
3681,51830
3682,52883
3683,53483
3684,54392
3685,54525
3686,53305
3687,52221
3688,50982
3689,49524
3690,49162
3691,50606
3692,49160
3693,46337
3694,46117
3695,50084
3696,48477
3697,43205
3698,41759
3699,39639
3700,37841
3701,38101
3702,40125
3703,44790
3704,49308
3705,52489
3706,53906
3707,54831
3708,55916
3709,55798
3710,54630
3711,53594
3712,52372
3713,51005
3714,50434
3715,51849
3716,50249
3717,46971
3718,46553
3719,50702
3720,49423
3721,44120
3722,42927
3723,40687
3724,38821
3725,39013
3726,40914
3727,46465
3728,50675
3729,52723
3730,53537
3731,53867
3732,54617
3733,54366
3734,53110
3735,52229
3736,50688
3737,49407
3738,49286
3739,50193
3740,48865
3741,46045
3742,45861
3743,50092
3744,48771
3745,43398
3746,42034
3747,39851
3748,38151
3749,38394
3750,40149
3751,45063
3752,49480
3753,51714
3754,52781
3755,53553
3756,54138
3757,54468
3758,52961
3759,52186
3760,50582
3761,49456
3762,48928
3763,49438
3764,47679
3765,44887
3766,45390
3767,49891
3768,48496
3769,42674
3770,40916
3771,38012
3772,35652
3773,35012
3774,34710
3775,35756
3776,38391
3777,41652
3778,44133
3779,45080
3780,46130
3781,47845
3782,45470
3783,44181
3784,42679
3785,41760
3786,41902
3787,42838
3788,41893
3789,40013
3790,40672
3791,45942
3792,45218
3793,40171
3794,38457
3795,35744
3796,33548
3797,32553
3798,31455
3799,31709
3800,33513
3801,36238
3802,38485
3803,40197
3804,41402
3805,43207
3806,40514
3807,39185
3808,37813
3809,37248
3810,37716
3811,39015
3812,39761
3813,39096
3814,40120
3815,45169
3816,43983
3817,38838
3818,37292
3819,34909
3820,32947
3821,32523
3822,32137
3823,32984
3824,35192
3825,38225
3826,41048
3827,43069
3828,44935
3829,46450
3830,44277
3831,43012
3832,41763
3833,41103
3834,41502
3835,43279
3836,43304
3837,42063
3838,42183
3839,46388
3840,44970
3841,39814
3842,38469
3843,36216
3844,34695
3845,35540
3846,37621
3847,42978
3848,47854
3849,50811
3850,53002
3851,54044
3852,55555
3853,55607
3854,54852
3855,53998
3856,52778
3857,51484
3858,50764
3859,51628
3860,49652
3861,46288
3862,45560
3863,49652
3864,47861
3865,42240
3866,40939
3867,38805
3868,37297
3869,37540
3870,38885
3871,43286
3872,47536
3873,50644
3874,52647
3875,53844
3876,54896
3877,55175
3878,54263
3879,53660
3880,52499
3881,51254
3882,50539
3883,51308
3884,49540
3885,46585
3886,46240
3887,50406
3888,48732
3889,43167
3890,41720
3891,39552
3892,37757
3893,37912
3894,39187
3895,43839
3896,48335
3897,51091
3898,52985
3899,54087
3900,55251
3901,55684
3902,54893
3903,54365
3904,53174
3905,51959
3906,51206
3907,51801
3908,49841
3909,46939
3910,46493
3911,51107
3912,49362
3913,43282
3914,41735
3915,39454
3916,37756
3917,38209
3918,39478
3919,43969
3920,48510
3921,51406
3922,53445
3923,54351
3924,55300
3925,55616
3926,54413
3927,53768
3928,52280
3929,50405
3930,50013
3931,49851
3932,47744
3933,45223
3934,45151
3935,49870
3936,48147
3937,42399
3938,40642
3939,37880
3940,35742
3941,35177
3942,34595
3943,35767
3944,38107
3945,41383
3946,43776
3947,44724
3948,45855
3949,47566
3950,45083
3951,43800
3952,42534
3953,41607
3954,41842
3955,42572
3956,41588
3957,39643
3958,39919
3959,45547
3960,44740
3961,39762
3962,38127
3963,35288
3964,33301
3965,32551
3966,31485
3967,31651
3968,33022
3969,35745
3970,38316
3971,39866
3972,41312
3973,43119
3974,39978
3975,38628
3976,37288
3977,36682
3978,37424
3979,39240
3980,40180
3981,39798
3982,40113
3983,45050
3984,43934
3985,38913
3986,37564
3987,35434
3988,34180
3989,34777
3990,36808
3991,41723
3992,46367
3993,49167
3994,50618
3995,51759
3996,52970
3997,53380
3998,52484
3999,51590
4000,50481
4001,49141
4002,48943
4003,50210
4004,48572
4005,45767
4006,44916
4007,49233
4008,47824
4009,42215
4010,41176
4011,38960
4012,37338
4013,37475
4014,39091
4015,43797
4016,48209
4017,50813
4018,52244
4019,53096
4020,54256
4021,54398
4022,53293
4023,52261
4024,50975
4025,49780
4026,49579
4027,50281
4028,48555
4029,45781
4030,45352
4031,49785
4032,47751
4033,42458
4034,41203
4035,39020
4036,37549
4037,37622
4038,39250
4039,43655
4040,47753
4041,50788
4042,52239
4043,53160
4044,54393
4045,54157
4046,53342
4047,52319
4048,50938
4049,49709
4050,49293
4051,50623
4052,48832
4053,45953
4054,45505
4055,49824
4056,48581
4057,43074
4058,41687
4059,39548
4060,37877
4061,37896
4062,39315
4063,43892
4064,48352
4065,50750
4066,52376
4067,53276
4068,54172
4069,54357
4070,53345
4071,52581
4072,51346
4073,50101
4074,49948
4075,51011
4076,48999
4077,46326
4078,45751
4079,50371
4080,48587
4081,42958
4082,41370
4083,39164
4084,37574
4085,37822
4086,39293
4087,43952
4088,48328
4089,51084
4090,52716
4091,53515
4092,54502
4093,54845
4094,53127
4095,52358
4096,50911
4097,49444
4098,49207
4099,49416
4100,47350
4101,44839
4102,44624
4103,49395
4104,48107
4105,42374
4106,40539
4107,37832
4108,35811
4109,35246
4110,34727
4111,35829
4112,38411
4113,41715
4114,44240
4115,45192
4116,46598
4117,48106
4118,45643
4119,44564
4120,43095
4121,42155
4122,42634
4123,43376
4124,42067
4125,40217
4126,40414
4127,46101
4128,45384
4129,40254
4130,38718
4131,35850
4132,33867
4133,33103
4134,31674
4135,31931
4136,33488
4137,36255
4138,38815
4139,40740
4140,42285
4141,44075
4142,41261
4143,39944
4144,38697
4145,38037
4146,38709
4147,40722
4148,41471
4149,40841
4150,41164
4151,46199
4152,44764
4153,39455
4154,38084
4155,36052
4156,34471
4157,35271
4158,37507
4159,42256
4160,46994
4161,50072
4162,51964
4163,53179
4164,54429
4165,54511
4166,53754
4167,53044
4168,52013
4169,50809
4170,50343
4171,51264
4172,49738
4173,46427
4174,45568
4175,50292
4176,48342
4177,42649
4178,41447
4179,39232
4180,37613
4181,37802
4182,39364
4183,43856
4184,48731
4185,51346
4186,53042
4187,53889
4188,55237
4189,55157
4190,54628
4191,54064
4192,52896
4193,51628
4194,51073
4195,51823
4196,49570
4197,46740
4198,46065
4199,50802
4200,48489
4201,42847
4202,41454
4203,39417
4204,38040
4205,37978
4206,39371
4207,43596
4208,48375
4209,51473
4210,52901
4211,53852
4212,54970
4213,55045
4214,54223
4215,53446
4216,52185
4217,50946
4218,50519
4219,51414
4220,49564
4221,46330
4222,46073
4223,50992
4224,49097
4225,43161
4226,41605
4227,39296
4228,37764
4229,37862
4230,39432
4231,43701
4232,48477
4233,51225
4234,52895
4235,53979
4236,55112
4237,55233
4238,54274
4239,53662
4240,52320
4241,51178
4242,50804
4243,51560
4244,49669
4245,46565
4246,45706
4247,50435
4248,48397
4249,42683
4250,41536
4251,39286
4252,37934
4253,38113
4254,39459
4255,43692
4256,48430
4257,51016
4258,52905
4259,53894
4260,54892
4261,55186
4262,53649
4263,52636
4264,51538
4265,50042
4266,49627
4267,49745
4268,47649
4269,44961
4270,44795
4271,49937
4272,48021
4273,42226
4274,40396
4275,37784
4276,35828
4277,35219
4278,35033
4279,36046
4280,38413
4281,41731
4282,44232
4283,45441
4284,46695
4285,48176
4286,45615
4287,44401
4288,43195
4289,42350
4290,42646
4291,43813
4292,42760
4293,40495
4294,40908
4295,45703
4296,44706
4297,39500
4298,37878
4299,35363
4300,33503
4301,32549
4302,31676
4303,31684
4304,33278
4305,35959
4306,38644
4307,40856
4308,42662
4309,44322
4310,41119
4311,39503
4312,38346
4313,37649
4314,38558
4315,40269
4316,40590
4317,40030
4318,40328
4319,45240
4320,43926
4321,38819
4322,37457
4323,35323
4324,33999
4325,34625
4326,36862
4327,41634
4328,46321
4329,49086
4330,50799
4331,51708
4332,52990
4333,53403
4334,52465
4335,51620
4336,50278
4337,48944
4338,48873
4339,50078
4340,47282
4341,45614
4342,45209
4343,49648
4344,48313
4345,42641
4346,41070
4347,38582
4348,37039
4349,37311
4350,38905
4351,43206
4352,48004
4353,50678
4354,52356
4355,53421
4356,54271
4357,54544
4358,53700
4359,52922
4360,51489
4361,50282
4362,49894
4363,50908
4364,49316
4365,46238
4366,45652
4367,49863
4368,48092
4369,42445
4370,41205
4371,38981
4372,37231
4373,37316
4374,39115
4375,42965
4376,47431
4377,50725
4378,52586
4379,53652
4380,54833
4381,54872
4382,53984
4383,53384
4384,52188
4385,50969
4386,50484
4387,51255
4388,49763
4389,46771
4390,46038
4391,50638
4392,49006
4393,43337
4394,41915
4395,39634
4396,37764
4397,37911
4398,39528
4399,43767
4400,48477
4401,51201
4402,53082
4403,54432
4404,55596
4405,55927
4406,55075
4407,54398
4408,53006
4409,51877
4410,51472
4411,52043
4412,50089
4413,47174
4414,46651
4415,51025
4416,49195
4417,43418
4418,41984
4419,39657
4420,38162
4421,38070
4422,39894
4423,44050
4424,48671
4425,51617
4426,53497
4427,54490
4428,55272
4429,55289
4430,53755
4431,52919
4432,51768
4433,50220
4434,49743
4435,49769
4436,46898
4437,45141
4438,45228
4439,49465
4440,47561
4441,41938
4442,40276
4443,37704
4444,35840
4445,35089
4446,34967
4447,35932
4448,38394
4449,41673
4450,44276
4451,45544
4452,46606
4453,48165
4454,45650
4455,44467
4456,43132
4457,42276
4458,42721
4459,43711
4460,42753
4461,40964
4462,41055
4463,46010
4464,45058
4465,39908
4466,38310
4467,35708
4468,33704
4469,32851
4470,31852
4471,31880
4472,33418
4473,36251
4474,38916
4475,41050
4476,42770
4477,44611
4478,41774
4479,40347
4480,38840
4481,38156
4482,38713
4483,40297
4484,41130
4485,40530
4486,40734
4487,45393
4488,44014
4489,38714
4490,37477
4491,35379
4492,34155
4493,34895
4494,37155
4495,41142
4496,45538
4497,49178
4498,51077
4499,52313
4500,53504
4501,53707
4502,52810
4503,51835
4504,50669
4505,49282
4506,48772
4507,50115
4508,48993
4509,46229
4510,45344
4511,49205
4512,47658
4513,42314
4514,41053
4515,38716
4516,37036
4517,37243
4518,39259
4519,42860
4520,47467
4521,50759
4522,52583
4523,53680
4524,54583
4525,54390
4526,53815
4527,52855
4528,51541
4529,50307
4530,49379
4531,50511
4532,49402
4533,46449
4534,46025
4535,50381
4536,48651
4537,42838
4538,41354
4539,39121
4540,37530
4541,37741
4542,39442
4543,43118
4544,47540
4545,50783
4546,52802
4547,54029
4548,55120
4549,54925
4550,54256
4551,53410
4552,51802
4553,50691
4554,50031
4555,51192
4556,50125
4557,47284
4558,46767
4559,50578
4560,49261
4561,43601
4562,41880
4563,39613
4564,38053
4565,38076
4566,39988
4567,43652
4568,48218
4569,51656
4570,53772
4571,54869
4572,56079
4573,55750
4574,54844
4575,53874
4576,52488
4577,51066
4578,50585
4579,51789
4580,50474
4581,47767
4582,46857
4583,50305
4584,48887
4585,43701
4586,42160
4587,39932
4588,38307
4589,38222
4590,40070
4591,43538
4592,48020
4593,51439
4594,53619
4595,54389
4596,55142
4597,55476
4598,53844
4599,52913
4600,51200
4601,49512
4602,49093
4603,49939
4604,48347
4605,45800
4606,45698
4607,49687
4608,48274
4609,42649
4610,40877
4611,38172
4612,36132
4613,35371
4614,35516
4615,35881
4616,38324
4617,41614
4618,44402
4619,45546
4620,46581
4621,47966
4622,45398
4623,44011
4624,42470
4625,41500
4626,41681
4627,42936
4628,42481
4629,40682
4630,41372
4631,46043
4632,45087
4633,39917
4634,38304
4635,35799
4636,33764
4637,32695
4638,32068
4639,31846
4640,33569
4641,36166
4642,38929
4643,40901
4644,42751
4645,44446
4646,41412
4647,39791
4648,38536
4649,37886
4650,38412
4651,39796
4652,40536
4653,39918
4654,40413
4655,44918
4656,44204
4657,39354
4658,37709
4659,35246
4660,33304
4661,32632
4662,32295
4663,32283
4664,34096
4665,37001
4666,39830
4667,41625
4668,43116
4669,45031
4670,42364
4671,41043
4672,39657
4673,38998
4674,39309
4675,41042
4676,41308
4677,40358
4678,40998
4679,45594
4680,44859
4681,39830
4682,38325
4683,36013
4684,34683
4685,35289
4686,37731
4687,41346
4688,45723
4689,49438
4690,51787
4691,52966
4692,54280
4693,54773
4694,53942
4695,53241
4696,52054
4697,50876
4698,50141
4699,50811
4700,49588
4701,46754
4702,46516
4703,50656
4704,48743
4705,43013
4706,41626
4707,39438
4708,37743
4709,37613
4710,39440
4711,42593
4712,47066
4713,50567
4714,53148
4715,54231
4716,55547
4717,55702
4718,55051
4719,54643
4720,53348
4721,52220
4722,51597
4723,52065
4724,50415
4725,47499
4726,47284
4727,51655
4728,49725
4729,44039
4730,42382
4731,40139
4732,38497
4733,38525
4734,40196
4735,43125
4736,47475
4737,51150
4738,53889
4739,55218
4740,56515
4741,56909
4742,56439
4743,56143
4744,54729
4745,53457
4746,52691
4747,53158
4748,51387
4749,48224
4750,48120
4751,52380
4752,50148
4753,44392
4754,43005
4755,40565
4756,39107
4757,39191
4758,40735
4759,43720
4760,47881
4761,51572
4762,54077
4763,55357
4764,56752
4765,57108
4766,55974
4767,55540
4768,53960
4769,52464
4770,51934
4771,51669
4772,49932
4773,47163
4774,47036
4775,50713
4776,48599
4777,43035
4778,41458
4779,38798
4780,36902
4781,36296
4782,36170
4783,36709
4784,39033
4785,42079
4786,44779
4787,46109
4788,47296
4789,48700
4790,46535
4791,45729
4792,44502
4793,43672
4794,43943
4795,44733
4796,43684
4797,41905
4798,42293
4799,46270
4800,44859
4801,39900
4802,38517
4803,35917
4804,34135
4805,33340
4806,32827
4807,32213
4808,33507
4809,35856
4810,38525
4811,40730
4812,42481
4813,44185
4814,41413
4815,40072
4816,38934
4817,38265
4818,38853
4819,40407
4820,40796
4821,40450
4822,41113
4823,45404
4824,43608
4825,38534
4826,37357
4827,35447
4828,34188
4829,35021
4830,37574
4831,40725
4832,45183
4833,48822
4834,50909
4835,52399
4836,53592
4837,53765
4838,53176
4839,52329
4840,51025
4841,49670
4842,49168
4843,49921
4844,48786
4845,46032
4846,45587
4847,49571
4848,47807
4849,42216
4850,41013
4851,38915
4852,37464
4853,37522
4854,39671
4855,42510
4856,46586
4857,50367
4858,52649
4859,53692
4860,54736
4861,54803
4862,54044
4863,53290
4864,52041
4865,50952
4866,50152
4867,50963
4868,49509
4869,46771
4870,46711
4871,50334
4872,48278
4873,43057
4874,41595
4875,39487
4876,37977
4877,38054
4878,40020
4879,42633
4880,46954
4881,50488
4882,52580
4883,53961
4884,55207
4885,55372
4886,54847
4887,54553
4888,53084
4889,51971
4890,51307
4891,51777
4892,50040
4893,47085
4894,47158
4895,51043
4896,48921
4897,43378
4898,42160
4899,39807
4900,38196
4901,38369
4902,40284
4903,42874
4904,47043
4905,50625
4906,53150
4907,54592
4908,55715
4909,55945
4910,55552
4911,55085
4912,53619
4913,52461
4914,51668
4915,51797
4916,49829
4917,47072
4918,47174
4919,50713
4920,48515
4921,42919
4922,41550
4923,39484
4924,37949
4925,37973
4926,39872
4927,42547
4928,46491
4929,49903
4930,52214
4931,53289
4932,54149
4933,54502
4934,53201
4935,52471
4936,50908
4937,49514
4938,48715
4939,49005
4940,47146
4941,44583
4942,44668
4943,48513
4944,46655
4945,41174
4946,39640
4947,37181
4948,35252
4949,34629
4950,35078
4951,35087
4952,37399
4953,40581
4954,43349
4955,44556
4956,45615
4957,47029
4958,44707
4959,44033
4960,42722
4961,41948
4962,42076
4963,42943
4964,42242
4965,40523
4966,41290
4967,45460
4968,44260
4969,39241
4970,37764
4971,35343
4972,33479
4973,32628
4974,32361
4975,31571
4976,33049
4977,35737
4978,38340
4979,40186
4980,41597
4981,43284
4982,40784
4983,39713
4984,38544
4985,38010
4986,38504
4987,40180
4988,40792
4989,40426
4990,41813
4991,45454
4992,43777
4993,38511
4994,37201
4995,35160
4996,33745
4997,34334
4998,36856
4999,39498
5000,43689
5001,47330
5002,49603
5003,50943
5004,52199
5005,52509
5006,51478
5007,50441
5008,49095
5009,47891
5010,47225
5011,48157
5012,46949
5013,44176
5014,44366
5015,48048
5016,45981
5017,40525
5018,39405
5019,37102
5020,35545
5021,35889
5022,38187
5023,40548
5024,44702
5025,48308
5026,50320
5027,51599
5028,52759
5029,52603
5030,51571
5031,50747
5032,49334
5033,48213
5034,47696
5035,48632
5036,47310
5037,44625
5038,44149
5039,47693
5040,46107
5041,40595
5042,39270
5043,37425
5044,35789
5045,35863
5046,38089
5047,40576
5048,44507
5049,48125
5050,50425
5051,51659
5052,52760
5053,52885
5054,51708
5055,51057
5056,49646
5057,48493
5058,47797
5059,48451
5060,47029
5061,44398
5062,44817
5063,48342
5064,46482
5065,40906
5066,39686
5067,37233
5068,35838
5069,36014
5070,38085
5071,40338
5072,44272
5073,47721
5074,49985
5075,51199
5076,52412
5077,52426
5078,51486
5079,50896
5080,49410
5081,48362
5082,47959
5083,48420
5084,46848
5085,44299
5086,45128
5087,48587
5088,46631
5089,40957
5090,39649
5091,37396
5092,35597
5093,35764
5094,37799
5095,39751
5096,43406
5097,46720
5098,49006
5099,50045
5100,51254
5101,51867
5102,50189
5103,49343
5104,47775
5105,46611
5106,46217
5107,46679
5108,44827
5109,42552
5110,43472
5111,46834
5112,45026
5113,39467
5114,37994
5115,35465
5116,33652
5117,32867
5118,33648
5119,33505
5120,35559
5121,38749
5122,41404
5123,42597
5124,43946
5125,45558
5126,43180
5127,42211
5128,40956
5129,40088
5130,40426
5131,41367
5132,40601
5133,38874
5134,39916
5135,43646
5136,42365
5137,37286
5138,35955
5139,33511
5140,31602
5141,30937
5142,31033
5143,30272
5144,31634
5145,34128
5146,36684
5147,38564
5148,40054
5149,41854
5150,39082
5151,37693
5152,36227
5153,35411
5154,35990
5155,37546
5156,38502
5157,38091
5158,39588
5159,43091
5160,41544
5161,36494
5162,35222
5163,33059
5164,31598
5165,31993
5166,34189
5167,35990
5168,39501
5169,42939
5170,45242
5171,46552
5172,47831
5173,48674
5174,47281
5175,46391
5176,44974
5177,43898
5178,43542
5179,44467
5180,43573
5181,41321
5182,42094
5183,45302
5184,43313
5185,38074
5186,36967
5187,34809
5188,33307
5189,33383
5190,35292
5191,36952
5192,40300
5193,43608
5194,45884
5195,47064
5196,48336
5197,49000
5198,47620
5199,46874
5200,45597
5201,44589
5202,44265
5203,45014
5204,43886
5205,41654
5206,42789
5207,45617
5208,43758
5209,38422
5210,37270
5211,35103
5212,33612
5213,33729
5214,35493
5215,37236
5216,40442
5217,43906
5218,46197
5219,47456
5220,48790
5221,49410
5222,47919
5223,47100
5224,45615
5225,44681
5226,44397
5227,45317
5228,44163
5229,41961
5230,42686
5231,45539
5232,43830
5233,38505
5234,37343
5235,35220
5236,33680
5237,33698
5238,35579
5239,37387
5240,40807
5241,44060
5242,46429
5243,47666
5244,49018
5245,49629
5246,48229
5247,47456
5248,45999
5249,45079
5250,44788
5251,45571
5252,44260
5253,42086
5254,42966
5255,45912
5256,44075
5257,38702
5258,37514
5259,35265
5260,33770
5261,33829
5262,35688
5263,37341
5264,40656
5265,44110
5266,46589
5267,47904
5268,49128
5269,49765
5270,48128
5271,47281
5272,45849
5273,44880
5274,44590
5275,45251
5276,43669
5277,41827
5278,42310
5279,45052
5280,43143
5281,37791
5282,36499
5283,34072
5284,32302
5285,31867
5286,32586
5287,32407
5288,34353
5289,37361
5290,39959
5291,41211
5292,42527
5293,44228
5294,42114
5295,41133
5296,39632
5297,38790
5298,39080
5299,40118
5300,39590
5301,38262
5302,39597
5303,42940
5304,41559
5305,36639
5306,35297
5307,32952
5308,31115
5309,30450
5310,30652
5311,29782
5312,31161
5313,33749
5314,36445
5315,38434
5316,39979
5317,41839
5318,38982
5319,37749
5320,36464
5321,35688
5322,36129
5323,37544
5324,38360
5325,38108
5326,39496
5327,42631
5328,40928
5329,35815
5330,34739
5331,32620
5332,31263
5333,31548
5334,33575
5335,35156
5336,38302
5337,41774
5338,44093
5339,45235
5340,46567
5341,47612
5342,46031
5343,44999
5344,43551
5345,42491
5346,42358
5347,43508
5348,42807
5349,41081
5350,41582
5351,44400
5352,42466
5353,37330
5354,36212
5355,34071
5356,32525
5357,32664
5358,34445
5359,35902
5360,38907
5361,42138
5362,44305
5363,45540
5364,46788
5365,47664
5366,46071
5367,45237
5368,43726
5369,42879
5370,42867
5371,43923
5372,43089
5373,41298
5374,41817
5375,44503
5376,42682
5377,37571
5378,36409
5379,34291
5380,32819
5381,32851
5382,34742
5383,36426
5384,39402
5385,42558
5386,44839
5387,46004
5388,47143
5389,47856
5390,45995
5391,44926
5392,43443
5393,42489
5394,42408
5395,43344
5396,42447
5397,40710
5398,41345
5399,44178
5400,42537
5401,37419
5402,36254
5403,34137
5404,32585
5405,32534
5406,34387
5407,35791
5408,38804
5409,42011
5410,44296
5411,45436
5412,46586
5413,47453
5414,45833
5415,44706
5416,43364
5417,42235
5418,42108
5419,43083
5420,42237
5421,40787
5422,41101
5423,43917
5424,42365
5425,37270
5426,36104
5427,33637
5428,31918
5429,31246
5430,31715
5431,31358
5432,32955
5433,35733
5434,38315
5435,39906
5436,41103
5437,42910
5438,40177
5439,38726
5440,37186
5441,36398
5442,36793
5443,38146
5444,38468
5445,38093
5446,39238
5447,42592
5448,41413
5449,36490
5450,35340
5451,32961
5452,31273
5453,30992
5454,31776
5455,31573
5456,33328
5457,36298
5458,38675
5459,40018
5460,41232
5461,43060
5462,40687
5463,39373
5464,38097
5465,37142
5466,37532
5467,38734
5468,38426
5469,37689
5470,38818
5471,42167
5472,40962
5473,36101
5474,35077
5475,32562
5476,30674
5477,30018
5478,30260
5479,29477
5480,30752
5481,33330
5482,35796
5483,37715
5484,38945
5485,40924
5486,38006
5487,36545
5488,35234
5489,34436
5490,35088
5491,36870
5492,37779
5493,38219
5494,39219
5495,42266
5496,40881
5497,35963
5498,34850
5499,32790
5500,31323
5501,31572
5502,33855
5503,36064
5504,39295
5505,42633
5506,45089
5507,46204
5508,47472
5509,48539
5510,46920
5511,45881
5512,44428
5513,43254
5514,43032
5515,44307
5516,43772
5517,42526
5518,42488
5519,45360
5520,43680
5521,38589
5522,37498
5523,35183
5524,33614
5525,33604
5526,35752
5527,37868
5528,40840
5529,44099
5530,46350
5531,47433
5532,48652
5533,49386
5534,47681
5535,46631
5536,45108
5537,44035
5538,43859
5539,45118
5540,44227
5541,42993
5542,42883
5543,45586
5544,43988
5545,38952
5546,37896
5547,35565
5548,33956
5549,33985
5550,36040
5551,38233
5552,41283
5553,44473
5554,46790
5555,47763
5556,48961
5557,49586
5558,47929
5559,46965
5560,45313
5561,44216
5562,44085
5563,45322
5564,44581
5565,43366
5566,43310
5567,45902
5568,44475
5569,39373
5570,38284
5571,35981
5572,34422
5573,34534
5574,36600
5575,38794
5576,41777
5577,45130
5578,47170
5579,48233
5580,49161
5581,49763
5582,48166
5583,46975
5584,45446
5585,44333
5586,44224
5587,45281
5588,44540
5589,43619
5590,43534
5591,46199
5592,44833
5593,39690
5594,38294
5595,36133
5596,34605
5597,34599
5598,36706
5599,38950
5600,41922
5601,45276
5602,47525
5603,48616
5604,49637
5605,50309
5606,48518
5607,47460
5608,45642
5609,44444
5610,44474
5611,45407
5612,44503
5613,43722
5614,43353
5615,46171
5616,44813
5617,39492
5618,38040
5619,35637
5620,33629
5621,32927
5622,33677
5623,34095
5624,35622
5625,38682
5626,41387
5627,42543
5628,43736
5629,45433
5630,42905
5631,41756
5632,40320
5633,39255
5634,39532
5635,40976
5636,40670
5637,40619
5638,40611
5639,43834
5640,42936
5641,38064
5642,36769
5643,34232
5644,32234
5645,31447
5646,31766
5647,31337
5648,32363
5649,35034
5650,37604
5651,39386
5652,40575
5653,42502
5654,39504
5655,37953
5656,36410
5657,35504
5658,36152
5659,38244
5660,39543
5661,40953
5662,40732
5663,43590
5664,42373
5665,37472
5666,36345
5667,34278
5668,32914
5669,33443
5670,36398
5671,39820
5672,43234
5673,46918
5674,49233
5675,50650
5676,51855
5677,52646
5678,51431
5679,50335
5680,48996
5681,47950
5682,47809
5683,49413
5684,48939
5685,47843
5686,45949
5687,48385
5688,46695
5689,41490
5690,40184
5691,38059
5692,36379
5693,36553
5694,39136
5695,42454
5696,45655
5697,49205
5698,51621
5699,52835
5700,54013
5701,54067
5702,52697
5703,51651
5704,50143
5705,49018
5706,48625
5707,49658
5708,48802
5709,47836
5710,46099
5711,48538
5712,47136
5713,41767
5714,40422
5715,38236
5716,36658
5717,36783
5718,39124
5719,42367
5720,45668
5721,49291
5722,51442
5723,52612
5724,53622
5725,53824
5726,52596
5727,51586
5728,49965
5729,48731
5730,48308
5731,49307
5732,48399
5733,47815
5734,46179
5735,48581
5736,46842
5737,41866
5738,40495
5739,38328
5740,36778
5741,36750
5742,39265
5743,42607
5744,46068
5745,49477
5746,51627
5747,52785
5748,54229
5749,54313
5750,53169
5751,52310
5752,50814
5753,49573
5754,49070
5755,49908
5756,48655
5757,48112
5758,46331
5759,48878
5760,47203
5761,41789
5762,40455
5763,38355
5764,36753
5765,36710
5766,39277
5767,42719
5768,45916
5769,49256
5770,51528
5771,52538
5772,53355
5773,53690
5774,52067
5775,50836
5776,49269
5777,47989
5778,47604
5779,48336
5780,47010
5781,46952
5782,45587
5783,48097
5784,46477
5785,41074
5786,39513
5787,36770
5788,34706
5789,34100
5790,34918
5791,35554
5792,36957
5793,40250
5794,43124
5795,44338
5796,45543
5797,47167
5798,44600
5799,43402
5800,41957
5801,40998
5802,41239
5803,42468
5804,42123
5805,42652
5806,41549
5807,44776
5808,43885
5809,38845
5810,37370
5811,34762
5812,32722
5813,31921
5814,32177
5815,32165
5816,32688
5817,35618
5818,38491
5819,40553
5820,42201
5821,43972
5822,40799
5823,39218
5824,37786
5825,37172
5826,37788
5827,39916
5828,40935
5829,42705
5830,41727
5831,44567
5832,43320
5833,38430
5834,37137
5835,35108
5836,33649
5837,34450
5838,37728
5839,42188
5840,45859
5841,48868
5842,50719
5843,51740
5844,53134
5845,53267
5846,52571
5847,51444
5848,50058
5849,48760
5850,48228
5851,49620
5852,48884
5853,48675
5854,46210
5855,48766
5856,47128
5857,41914
5858,40780
5859,38652
5860,36825
5861,37045
5862,39781
5863,44651
5864,48586
5865,50355
5866,52260
5867,53188
5868,54292
5869,54281
5870,53269
5871,52521
5872,51251
5873,49766
5874,49778
5875,50801
5876,49144
5877,49214
5878,46687
5879,49061
5880,47387
5881,41892
5882,40646
5883,38575
5884,36975
5885,37323
5886,40189
5887,45085
5888,48514
5889,50878
5890,52541
5891,53281
5892,54242
5893,54344
5894,53401
5895,52441
5896,51136
5897,50194
5898,49780
5899,51140
5900,49749
5901,49780
5902,47002
5903,48910
5904,47517
5905,42391
5906,40958
5907,38908
5908,37259
5909,37541
5910,40363
5911,46244
5912,49225
5913,51363
5914,53005
5915,53678
5916,54448
5917,54616
5918,53611
5919,52761
5920,51573
5921,50428
5922,50138
5923,51495
5924,50369
5925,50096
5926,47158
5927,49214
5928,47570
5929,42179
5930,41130
5931,38935
5932,37570
5933,37841
5934,40582
5935,46103
5936,49454
5937,51666
5938,53308
5939,53944
5940,54701
5941,54608
5942,53114
5943,52182
5944,50574
5945,49448
5946,49322
5947,49688
5948,48625
5949,49021
5950,46355
5951,48754
5952,46983
5953,41434
5954,40043
5955,37489
5956,35371
5957,34837
5958,35660
5959,37103
5960,38274
5961,41651
5962,44286
5963,45356
5964,46580
5965,48362
5966,45627
5967,44424
5968,42888
5969,41898
5970,42020
5971,43066
5972,42724
5973,44084
5974,42425
5975,45475
5976,44649
5977,39485
5978,37970
5979,35250
5980,33443
5981,32720
5982,32931
5983,33260
5984,33445
5985,36440
5986,39074
5987,41024
5988,42643
5989,44640
5990,41570
5991,40066
5992,38706
5993,37934
5994,38764
5995,40954
5996,42272
5997,44659
5998,42767
5999,45225
6000,43962
6001,39074
6002,37904
6003,35817
6004,34473
6005,35161
6006,38618
6007,44739
6008,47925
6009,50383
6010,52019
6011,53350
6012,54279
6013,54687
6014,53777
6015,53184
6016,51844
6017,50542
6018,50221
6019,51430
6020,50482
6021,50376
6022,46821
6023,49222
6024,47478
6025,41986
6026,40895
6027,38814
6028,37283
6029,37539
6030,40437
6031,46692
6032,49428
6033,51753
6034,53167
6035,53965
6036,54948
6037,55076
6038,54016
6039,53578
6040,52314
6041,51035
6042,50600
6043,51938
6044,50706
6045,50636
6046,47230
6047,49350
6048,47466
6049,42242
6050,41057
6051,38873
6052,37536
6053,37815
6054,40609
6055,46487
6056,49626
6057,51799
6058,53328
6059,54026
6060,55082
6061,55191
6062,54216
6063,53423
6064,52065
6065,50913
6066,50654
6067,51730
6068,50543
6069,50789
6070,47316
6071,49362
6072,47657
6073,42475
6074,41272
6075,39179
6076,37628
6077,37915
6078,40886
6079,47039
6080,49944
6081,51969
6082,53229
6083,53988
6084,55078
6085,54842
6086,53777
6087,53089
6088,51673
6089,50496
6090,50110
6091,51361
6092,50208
6093,50388
6094,46887
6095,49113
6096,47409
6097,42110
6098,40971
6099,38687
6100,37351
6101,37510
6102,40527
6103,46803
6104,49756
6105,51711
6106,53012
6107,53380
6108,54025
6109,53995
6110,52284
6111,51455
6112,50066
6113,48611
6114,48507
6115,49210
6116,48502
6117,49112
6118,46025
6119,48678
6120,46979
6121,41397
6122,39754
6123,37126
6124,35113
6125,34734
6126,35775
6127,37503
6128,38430
6129,41739
6130,44309
6131,45228
6132,46435
6133,47801
6134,45220
6135,43960
6136,42364
6137,41531
6138,41845
6139,43060
6140,43389
6141,44215
6142,42016
6143,45247
6144,44388
6145,39564
6146,38025
6147,35373
6148,33323
6149,32395
6150,32842
6151,33634
6152,33470
6153,36365
6154,39012
6155,40834
6156,42681
6157,44298
6158,41084
6159,39555
6160,38117
6161,37415
6162,38360
6163,40727
6164,42655
6165,44192
6166,41824
6167,44710
6168,43587
6169,38630
6170,37846
6171,35709
6172,34228
6173,35028
6174,38581
6175,45579
6176,48672
6177,50705
6178,52054
6179,52869
6180,53709
6181,54027
6182,53224
6183,52256
6184,51012
6185,49769
6186,49342
6187,50985
6188,50705
6189,50133
6190,46612
6191,48756
6192,46989
6193,41830
6194,40600
6195,38471
6196,37051
6197,37318
6198,40366
6199,47086
6200,49774
6201,51722
6202,52977
6203,53872
6204,54722
6205,54808
6206,53784
6207,53144
6208,51739
6209,50684
6210,50164
6211,51671
6212,51305
6213,50626
6214,46812
6215,48991
6216,47208
6217,41963
6218,40715
6219,38645
6220,37221
6221,37560
6222,40409
6223,46802
6224,49790
6225,51966
6226,53543
6227,54410
6228,55394
6229,55185
6230,54127
6231,53346
6232,52007
6233,50935
6234,50565
6235,52130
6236,51878
6237,50726
6238,47112
6239,49032
6240,47517
6241,41789
6242,40742
6243,38600
6244,36980
6245,37294
6246,40244
6247,47034
6248,50090
6249,51679
6250,53335
6251,54367
6252,55147
6253,54979
6254,54076
6255,53484
6256,52224
6257,51090
6258,50864
6259,52060
6260,51730
6261,50652
6262,46784
6263,49000
6264,47280
6265,42166
6266,40825
6267,38862
6268,37421
6269,37580
6270,40568
6271,46855
6272,50106
6273,52173
6274,53664
6275,54145
6276,54902
6277,54938
6278,53392
6279,52530
6280,50946
6281,49821
6282,49602
6283,50246
6284,50504
6285,49356
6286,46272
6287,48609
6288,46644
6289,41105
6290,39546
6291,37187
6292,35264
6293,34773
6294,35521
6295,37452
6296,38417
6297,41760
6298,44321
6299,45458
6300,46918
6301,48551
6302,45800
6303,44522
6304,43014
6305,42137
6306,42553
6307,43932
6308,44883
6309,44282
6310,41888
6311,45107
6312,44163
6313,39041
6314,37558
6315,35024
6316,33110
6317,32260
6318,32634
6319,33603
6320,33718
6321,36427
6322,39244
6323,41185
6324,42948
6325,44717
6326,41454
6327,39697
6328,38446
6329,37701
6330,38671
6331,41173
6332,43860
6333,44197
6334,41833
6335,44459
6336,43268
6337,38351
6338,37249
6339,35214
6340,33964
6341,34524
6342,38266
6343,45076
6344,48318
6345,50347
6346,51954
6347,52422
6348,53216
6349,53078
6350,52164
6351,51243
6352,49741
6353,48567
6354,48266
6355,50429
6356,51558
6357,49783
6358,45972
6359,48135
6360,46579
6361,41644
6362,40542
6363,38680
6364,37011
6365,37413
6366,40761
6367,47465
6368,50740
6369,52516
6370,53603
6371,53774
6372,54370
6373,54134
6374,52829
6375,51825
6376,50370
6377,49303
6378,48909
6379,51072
6380,52390
6381,50325
6382,46649
6383,49173
6384,47669
6385,42340
6386,41192
6387,38997
6388,37645
6389,37730
6390,41095
6391,47684
6392,51252
6393,53167
6394,54169
6395,54834
6396,55334
6397,55166
6398,53764
6399,52686
6400,51412
6401,50347
6402,50343
6403,52745
6404,53719
6405,51153
6406,47430
6407,49465
6408,48280
6409,43058
6410,41748
6411,39649
6412,37881
6413,38245
6414,41391
6415,48488
6416,52008
6417,53241
6418,54237
6419,54402
6420,54834
6421,54546
6422,53070
6423,51940
6424,50544
6425,49287
6426,49102
6427,51184
6428,52844
6429,50793
6430,47165
6431,49450
6432,48040
6433,42926
6434,41704
6435,39610
6436,38048
6437,38227
6438,41559
6439,48433
6440,51749
6441,53042
6442,53733
6443,53922
6444,54130
6445,54193
6446,52015
6447,50968
6448,49204
6449,47973
6450,47868
6451,49379
6452,51285
6453,49377
6454,46145
6455,48615
6456,47247
6457,41690
6458,40205
6459,37812
6460,35665
6461,34971
6462,35947
6463,38186
6464,39407
6465,42537
6466,44843
6467,45542
6468,46630
6469,48056
6470,45291
6471,43984
6472,42234
6473,41026
6474,41480
6475,43119
6476,45764
6477,44447
6478,41969
6479,45291
6480,44672
6481,39704
6482,38300
6483,35553
6484,33516
6485,32699
6486,33078
6487,34045
6488,34339
6489,36892
6490,39428
6491,41230
6492,42772
6493,44620
6494,41194
6495,39522
6496,38008
6497,37345
6498,38145
6499,41203
6500,45570
6501,44515
6502,41854
6503,44610
6504,43699
6505,39149
6506,37761
6507,35866
6508,34287
6509,34987
6510,38595
6511,45646
6512,49695
6513,51540
6514,53169
6515,53895
6516,54542
6517,54526
6518,53289
6519,52248
6520,50923
6521,49761
6522,49456
6523,52106
6524,53808
6525,50285
6526,46523
6527,48921
6528,47338
6529,42035
6530,40926
6531,38859
6532,37310
6533,37640
6534,40616
6535,47536
6536,51644
6537,52906
6538,54131
6539,54511
6540,55330
6541,54960
6542,53569
6543,52621
6544,51386
6545,50133
6546,49939
6547,51976
6548,54309
6549,50728
6550,46975
6551,49360
6552,47870
6553,42565
6554,41244
6555,39010
6556,37489
6557,37746
6558,40894
6559,47369
6560,51149
6561,52773
6562,53814
6563,54260
6564,55231
6565,54923
6566,53811
6567,52794
6568,51410
6569,50163
6570,49732
6571,51884
6572,54419
6573,50975
6574,47087
6575,49245
6576,47990
6577,42805
6578,41202
6579,39280
6580,37614
6581,37887
6582,40925
6583,47856
6584,51537
6585,52621
6586,53494
6587,53573
6588,54380
6589,54371
6590,53628
6591,52752
6592,51185
6593,49935
6594,49640
6595,51704
6596,54462
6597,50742
6598,46942
6599,49466
6600,47800
6601,42341
6602,41137
6603,39060
6604,37312
6605,37548
6606,40940
6607,47643
6608,51526
6609,52474
6610,53448
6611,53697
6612,54349
6613,54302
6614,52608
6615,51456
6616,49733
6617,48503
6618,48278
6619,49501
6620,52517
6621,49367
6622,45979
6623,48590
6624,46992
6625,41394
6626,39982
6627,37539
6628,35434
6629,34853
6630,35847
6631,38002
6632,39627
6633,42319
6634,44436
6635,45121
6636,46439
6637,47907
6638,45055
6639,43786
6640,42212
6641,41460
6642,41990
6643,44290
6644,47171
6645,44331
6646,41897
6647,45235
6648,44754
6649,40023
6650,38544
6651,35893
6652,33820
6653,33020
6654,33261
6655,34320
6656,35013
6657,37540
6658,40293
6659,42298
6660,44016
6661,45683
6662,42171
6663,40464
6664,38829
6665,38082
6666,39169
6667,42621
6668,47228
6669,45149
6670,42539
6671,45415
6672,44557
6673,40044
6674,38907
6675,36932
6676,35279
6677,35964
6678,40064
6679,47288
6680,51724
6681,53020
6682,54297
6683,54424
6684,55572
6685,55476
6686,54369
6687,53418
6688,52013
6689,50986
6690,51399
6691,54949
6692,56692
6693,52262
6694,48192
6695,50523
6696,48901
6697,43935
6698,42643
6699,40496
6700,38762
6701,38819
6702,42106
6703,49270
6704,53890
6705,54729
6706,55556
6707,56105
6708,56889
6709,56366
6710,54567
6711,54018
6712,52683
6713,51391
6714,51389
6715,54738
6716,56956
6717,52510
6718,48573
6719,50700
6720,49436
6721,44284
6722,42801
6723,40683
6724,39098
6725,39375
6726,42711
6727,49299
6728,53918
6729,55414
6730,56754
6731,57299
6732,57954
6733,57306
6734,55903
6735,54535
6736,52874
6737,51919
6738,51721
6739,55181
6740,57130
6741,52420
6742,48556
6743,50558
6744,49516
6745,44340
6746,42896
6747,40593
6748,38815
6749,38929
6750,41936
6751,49365
6752,53864
6753,54692
6754,55630
6755,56074
6756,56562
6757,56165
6758,54746
6759,53672
6760,52291
6761,51148
6762,50958
6763,54120
6764,56286
6765,51647
6766,47860
6767,50334
6768,48799
6769,43704
6770,42422
6771,40245
6772,38453
6773,38890
6774,41892
6775,48884
6776,53747
6777,54504
6778,55468
6779,55414
6780,55951
6781,55355
6782,53532
6783,52280
6784,50626
6785,49583
6786,49972
6787,52564
6788,54774
6789,50452
6790,47150
6791,49813
6792,48291
6793,43176
6794,41361
6795,38715
6796,36581
6797,36196
6798,37127
6799,39116
6800,41437
6801,44130
6802,46440
6803,47340
6804,48515
6805,49670
6806,46584
6807,44977
6808,43147
6809,42061
6810,42505
6811,45390
6812,49088
6813,45779
6814,43495
6815,46828
6816,46310
6817,41503
6818,39860
6819,37050
6820,34943
6821,34254
6822,34564
6823,35716
6824,36862
6825,38961
6826,41859
6827,44088
6828,46234
6829,47833
6830,44174
6831,42483
6832,41143
6833,40691
6834,41628
6835,45531
6836,49244
6837,46561
6838,43610
6839,46507
6840,45718
6841,41053
6842,39795
6843,37673
6844,36032
6845,36721
6846,40619
6847,47841
6848,53056
6849,53781
6850,54773
6851,55235
6852,56029
6853,55591
6854,54255
6855,52974
6856,51474
6857,50244
6858,50028
6859,53627
6860,56436
6861,51638
6862,47893
6863,50404
6864,48954
6865,43904
6866,42807
6867,40929
6868,39166
6869,39472
6870,42985
6871,50189
6872,55460
6873,55962
6874,56444
6875,56238
6876,56722
6877,56053
6878,54410
6879,53078
6880,51607
6881,50529
6882,50627
6883,54372
6884,56842
6885,52328
6886,48428
6887,50689
6888,49420
6889,44205
6890,43007
6891,40810
6892,39138
6893,39329
6894,42867
6895,49509
6896,54461
6897,55426
6898,56206
6899,56700
6900,57533
6901,57192
6902,55781
6903,54432
6904,52877
6905,52089
6906,52419
6907,56531
6908,57810
6909,52919
6910,48934
6911,51273
6912,50111
6913,44823
6914,43544
6915,41241
6916,39581
6917,39784
6918,42965
6919,50156
6920,55083
6921,55407
6922,56076
6923,56443
6924,57108
6925,56436
6926,54955
6927,53943
6928,52699
6929,51645
6930,51934
6931,56146
6932,56984
6933,52270
6934,48524
6935,51042
6936,49706
6937,44527
6938,43030
6939,40895
6940,39045
6941,39377
6942,42545
6943,49464
6944,54494
6945,54758
6946,55568
6947,55539
6948,55754
6949,55624
6950,53802
6951,52458
6952,50851
6953,49545
6954,49730
6955,52707
6956,54865
6957,50683
6958,47359
6959,50179
6960,48827
6961,43185
6962,41648
6963,38999
6964,36955
6965,36326
6966,37384
6967,39617
6968,41944
6969,43854
6970,46086
6971,46444
6972,47660
6973,49128
6974,46090
6975,44479
6976,42718
6977,41614
6978,42187
6979,45477
6980,48322
6981,44861
6982,42537
6983,46023
6984,45666
6985,40778
6986,39212
6987,36540
6988,34208
6989,33227
6990,33722
6991,34681
6992,36091
6993,37459
6994,40244
6995,42041
6996,43311
6997,45032
6998,41653
6999,39917
7000,38342
7001,37516
7002,38355
7003,42597
7004,46948
7005,44517
7006,42088
7007,45224
7008,44506
7009,39758
7010,38614
7011,36411
7012,34839
7013,35495
7014,39188
7015,45042
7016,50280
7017,51415
7018,52904
7019,53929
7020,55132
7021,54893
7022,53689
7023,52455
7024,51064
7025,49900
7026,49928
7027,54290
7028,55644
7029,50965
7030,47344
7031,49998
7032,48811
7033,43757
7034,42492
7035,40268
7036,38353
7037,38841
7038,42005
7039,47758
7040,52867
7041,54301
7042,55558
7043,56093
7044,57286
7045,56705
7046,55658
7047,54542
7048,53095
7049,51807
7050,51776
7051,56203
7052,57817
7053,53078
7054,49575
7055,52262
7056,50793
7057,45622
7058,44470
7059,42112
7060,40573
7061,41070
7062,44282
7063,50021
7064,55260
7065,57042
7066,58066
7067,58576
7068,59234
7069,58638
7070,56899
7071,55442
7072,53805
7073,52591
7074,52799
7075,58000
7076,59544
7077,54779
7078,51093
7079,54089
7080,52953
7081,47684
7082,46432
7083,44119
7084,42093
7085,42532
7086,45641
7087,51431
7088,56713
7089,58394
7090,59457
7091,59570
7092,60134
7093,59374
7094,58035
7095,56206
7096,54568
7097,53109
7098,53635
7099,58942
7100,59788
7101,55479
7102,51730
7103,54537
7104,53307
7105,48089
7106,46702
7107,44449
7108,42767
7109,42957
7110,45928
7111,51466
7112,56651
7113,58272
7114,59329
7115,59234
7116,59365
7117,58670
7118,56525
7119,54705
7120,52747
7121,51572
7122,52268
7123,57409
7124,58087
7125,53918
7126,50478
7127,53277
7128,52052
7129,46656
7130,45065
7131,42370
7132,40058
7133,39496
7134,40500
7135,42655
7136,45320
7137,47018
7138,49333
7139,49832
7140,50546
7141,51816
7142,48681
7143,46743
7144,44937
7145,43989
7146,45122
7147,50185
7148,51339
7149,48106
7150,45912
7151,49586
7152,49188
7153,44503
7154,43122
7155,42600
7156,40413
7157,36539
7158,36702
7159,37833
7160,39378
7161,40308
7162,42873
7163,44663
7164,45520
7165,46613
7166,47517
7167,43736
7168,41656
7169,40129
7170,39933
7171,44662
7172,50290
7173,49699
7174,47297
7175,45234
7176,48583
7177,48732
7178,43866
7179,42843
7180,40696
7181,39116
7182,40271
7183,44195
7184,50202
7185,53601
7186,56287
7187,57061
7188,56977
7189,57667
7190,56979
7191,55445
7192,53798
7193,52237
7194,51447
7195,55401
7196,60585
7197,58051
7198,53412
7199,49964
7200,52848
7201,51740
7202,47016
7203,46041
7204,43828
7205,42044
7206,42731
7207,46047
7208,51794
7209,54812
7210,57436
7211,58375
7212,58493
7213,59339
7214,58959
7215,57449
7216,55999
7217,54475
7218,53924
7219,57782
7220,62691
7221,59704
7222,55143
7223,51639
7224,54300
7225,53086
7226,48145
7227,46906
7228,44703
7229,42742
7230,43294
7231,46580
7232,52106
7233,55302
7234,57527
7235,58252
7236,58142
7237,58782
7238,58118
7239,56460
7240,54776
7241,53452
7242,53057
7243,57147
7244,61631
7245,58849
7246,54181
7247,50985
7248,53841
7249,52728
7250,47847
7251,46414
7252,44232
7253,42404
7254,42842
7255,46118
7256,51808
7257,54850
7258,56764
7259,57146
7260,56880
7261,57454
7262,56953
7263,55454
7264,53571
7265,52065
7266,51543
7267,56209
7268,60579
7269,57902
7270,53540
7271,50139
7272,53171
7273,52007
7274,47338
7275,46046
7276,43616
7277,41867
7278,42221
7279,45506
7280,50864
7281,53674
7282,55969
7283,56428
7284,55993
7285,56132
7286,55860
7287,54060
7288,52096
7289,50252
7290,49486
7291,53998
7292,57594
7293,55236
7294,51276
7295,48463
7296,51489
7297,50356
7298,45457
7299,44046
7300,41375
7301,38995
7302,38185
7303,39013
7304,40691
7305,41591
7306,44166
7307,46081
7308,46339
7309,47136
7310,48856
7311,45783
7312,43634
7313,41949
7314,41748
7315,47080
7316,51103
7317,49658
7318,46895
7319,44893
7320,48696
7321,48549
7322,43905
7323,42517
7324,39820
7325,37494
7326,36769
7327,37151
7328,38385
7329,38592
7330,41214
7331,43324
7332,44861
7333,46475
7334,48260
7335,44671
7336,42642
7337,41410
7338,41683
7339,47252
7340,51385
7341,50595
7342,47997
7343,45642
7344,48710
7345,48151
7346,43861
7347,42809
7348,40723
7349,39066
7350,39662
7351,43794
7352,51421
7353,54639
7354,56555
7355,57588
7356,58149
7357,58895
7358,59119
7359,58056
7360,56972
7361,56094
7362,56179
7363,60463
7364,63667
7365,60674
7366,55798
7367,52034
7368,54638
7369,53022
7370,48212
7371,47074
7372,44747
7373,43041
7374,43581
7375,47314
7376,54715
7377,58319
7378,59977
7379,60351
7380,60818
7381,61881
7382,61257
7383,60013
7384,58609
7385,57634
7386,57719
7387,62273
7388,65897
7389,63029
7390,58307
7391,54659
7392,57097
7393,55991
7394,51114
7395,49866
7396,47705
7397,46129
7398,46741
7399,50699
7400,57839
7401,61839
7402,63238
7403,63659
7404,63520
7405,63821
7406,63432
7407,62208
7408,60730
7409,59334
7410,59655
7411,64823
7412,69117
7413,65896
7414,61269
7415,57640
7416,60342
7417,59079
7418,54096
7419,53095
7420,50958
7421,49187
7422,49924
7423,54135
7424,62109
7425,65541
7426,66016
7427,65822
7428,64794
7429,64673
7430,64012
7431,62138
7432,60407
7433,59427
7434,59856
7435,65916
7436,70002
7437,66995
7438,61950
7439,58451
7440,60975
7441,59583
7442,54829
7443,53585
7444,51474
7445,49755
7446,50071
7447,53904
7448,61140
7449,64737
7450,65479
7451,65624
7452,64952
7453,64991
7454,64240
7455,61863
7456,60083
7457,58527
7458,58492
7459,63925
7460,67116
7461,64553
7462,60410
7463,57184
7464,59948
7465,58624
7466,53526
7467,52088
7468,49451
7469,47173
7470,46601
7471,48012
7472,50548
7473,52044
7474,54425
7475,55870
7476,55104
7477,55397
7478,56558
7479,53316
7480,51429
7481,50042
7482,50537
7483,56573
7484,59436
7485,57454
7486,53983
7487,51772
7488,55601
7489,55298
7490,50639
7491,49269
7492,46484
7493,43935
7494,43037
7495,43686
7496,44876
7497,45404
7498,48076
7499,50497
7500,52245
7501,53723
7502,55196
7503,51511
7504,49421
7505,48299
7506,48566
7507,53681
7508,57295
7509,56768
7510,54333
7511,51926
7512,55254
7513,54616
7514,50405
7515,49415
7516,47239
7517,45250
7518,45611
7519,48659
7520,54409
7521,57581
7522,59043
7523,59706
7524,59460
7525,59832
7526,59893
7527,57301
7528,55267
7529,53829
7530,54388
7531,60500
7532,63753
7533,61249
7534,57137
7535,54051
7536,57264
7537,56269
7538,51664
7539,50458
7540,47984
7541,45592
7542,45061
7543,46333
7544,47983
7545,48600
7546,50918
7547,53055
7548,53675
7549,54629
7550,56115
7551,52690
7552,50457
7553,49435
7554,50317
7555,55817
7556,59406
7557,58069
7558,54809
7559,52038
7560,55091
7561,54319
7562,49832
7563,48993
7564,46737
7565,44798
7566,45669
7567,50187
7568,57789
7569,61810
7570,63419
7571,63777
7572,63323
7573,63509
7574,63147
7575,61552
7576,59977
7577,58955
7578,59148
7579,65026
7580,68307
7581,65544
7582,60675
7583,57030
7584,59689
7585,58659
7586,54143
7587,52905
7588,50814
7589,49060
7590,49595
7591,53434
7592,61041
7593,64745
7594,65217
7595,65241
7596,64627
7597,64217
7598,63475
7599,61491
7600,59647
7601,58489
7602,59275
7603,65186
7604,68349
7605,65149
7606,60518
7607,56852
7608,59207
7609,58105
7610,53260
7611,52082
7612,49861
7613,47773
7614,48364
7615,52077
7616,59623
7617,63367
7618,63921
7619,64228
7620,64427
7621,64988
7622,64900
7623,63357
7624,61638
7625,60126
7626,60238
7627,64645
7628,66829
7629,63787
7630,59121
7631,56093
7632,58819
7633,57278
7634,52120
7635,50357
7636,47665
7637,45341
7638,44843
7639,46211
7640,48500
7641,50388
7642,53260
7643,55475
7644,56016
7645,57120
7646,58385
7647,55002
7648,52982
7649,51664
7650,52069
7651,57541
7652,60167
7653,58115
7654,54734
7655,52654
7656,56483
7657,56085
7658,51599
7659,50238
7660,47387
7661,44738
7662,43685
7663,44294
7664,45606
7665,46187
7666,48554
7667,51152
7668,52764
7669,54264
7670,55829
7671,51983
7672,50338
7673,49144
7674,50233
7675,55949
7676,59164
7677,58752
7678,56034
7679,53419
7680,56470
7681,55820
7682,51349
7683,50472
7684,48186
7685,46264
7686,46966
7687,51434
7688,59414
7689,63731
7690,64844
7691,65617
7692,65868
7693,66575
7694,66642
7695,65052
7696,63593
7697,62541
7698,63286
7699,68246
7700,71326
7701,68047
7702,63018
7703,59125
7704,61647
7705,60513
7706,55396
7707,54008
7708,51849
7709,49881
7710,50362
7711,54451
7712,62209
7713,66621
7714,66894
7715,66920
7716,66391
7717,66436
7718,66035
7719,64086
7720,62965
7721,61973
7722,62750
7723,68396
7724,71372
7725,68273
7726,63394
7727,59770
7728,62534
7729,61305
7730,56549
7731,55384
7732,53322
7733,51469
7734,52113
7735,56142
7736,63619
7737,67992
7738,68692
7739,68617
7740,68274
7741,68209
7742,67636
7743,65618
7744,63662
7745,62568
7746,63613
7747,69265
7748,72493
7749,69217
7750,64310
7751,60549
7752,63023
7753,61958
7754,57202
7755,56087
7756,53829
7757,51815
7758,52224
7759,55980
7760,63721
7761,68076
7762,68200
7763,68374
7764,68097
7765,68006
7766,67110
7767,65382
7768,63760
7769,62642
7770,63821
7771,69227
7772,72029
7773,68428
7774,63683
7775,59871
7776,62239
7777,61156
7778,56423
7779,55114
7780,53041
7781,51030
7782,51488
7783,55423
7784,62907
7785,67125
7786,67100
7787,66905
7788,65995
7789,65782
7790,65038
7791,62699
7792,60634
7793,59360
7794,60145
7795,65510
7796,67766
7797,64661
7798,60348
7799,57237
7800,60119
7801,58986
7802,53765
7803,52053
7804,49410
7805,47041
7806,46422
7807,47797
7808,50107
7809,52205
7810,54548
7811,56301
7812,56134
7813,56723
7814,57765
7815,54226
7816,52277
7817,50824
7818,51507
7819,56916
7820,59298
7821,57190
7822,53649
7823,51364
7824,55018
7825,54837
7826,50489
7827,49076
7828,46246
7829,43466
7830,42416
7831,43013
7832,44282
7833,45302
7834,47372
7835,49623
7836,51101
7837,52400
7838,53821
7839,49928
7840,47721
7841,46400
7842,47816
7843,53401
7844,56367
7845,55842
7846,53086
7847,50456
7848,53529
7849,52929
7850,48688
7851,47688
7852,45430
7853,43574
7854,44296
7855,48698
7856,56710
7857,61614
7858,62275
7859,62822
7860,62643
7861,63661
7862,63745
7863,62384
7864,60919
7865,60038
7866,60846
7867,65467
7868,68112
7869,64884
7870,59913
7871,55950
7872,58485
7873,57521
7874,52627
7875,51316
7876,49004
7877,47020
7878,47657
7879,51597
7880,59262
7881,64037
7882,64686
7883,65167
7884,65416
7885,66019
7886,65662
7887,64503
7888,62858
7889,62038
7890,62754
7891,66741
7892,69229
7893,65932
7894,60845
7895,56852
7896,59332
7897,57736
7898,52724
7899,51663
7900,49312
7901,47316
7902,47517
7903,51416
7904,58732
7905,63744
7906,64417
7907,65062
7908,65072
7909,65507
7910,65458
7911,63918
7912,62522
7913,61596
7914,62545
7915,66319
7916,68936
7917,65539
7918,60564
7919,56619
7920,59262
7921,58253
7922,53371
7923,52082
7924,49862
7925,48025
7926,48058
7927,51792
7928,59455
7929,64409
7930,64576
7931,64758
7932,64686
7933,65023
7934,64448
7935,62940
7936,61652
7937,60594
7938,61786
7939,66359
7940,68853
7941,65368
7942,60832
7943,57126
7944,59313
7945,58278
7946,53186
7947,52208
7948,49917
7949,47853
7950,48175
7951,51695
7952,59410
7953,64112
7954,64028
7955,64056
7956,63506
7957,63560
7958,62880
7959,60673
7960,59225
7961,57965
7962,59081
7963,63855
7964,65639
7965,62792
7966,58845
7967,55752
7968,58665
7969,57316
7970,52344
7971,50598
7972,48286
7973,46049
7974,45382
7975,46924
7976,49638
7977,52277
7978,54487
7979,56444
7980,56848
7981,57485
7982,58704
7983,55499
7984,53660
7985,52334
7986,53624
7987,58572
7988,60841
7989,58855
7990,55751
7991,53583
7992,57333
7993,57326
7994,52631
7995,51272
7996,48613
7997,46025
7998,45156
7999,45849
8000,47202
8001,48648
8002,50789
8003,53700
8004,55832
8005,57561
8006,59340
8007,55582
8008,53442
8009,52430
8010,53384
8011,58385
8012,61166
8013,60618
8014,58091
8015,55190
8016,58236
8017,57351
8018,53112
8019,52072
8020,49945
8021,48119
8022,48951
8023,53564
8024,61833
8025,67326
8026,68258
8027,69329
8028,70157
8029,71672
8030,71854
8031,71136
8032,69960
8033,69191
8034,70112
8035,73438
8036,75679
8037,72276
8038,67692
8039,63640
8040,66134
8041,64670
8042,59769
8043,58721
8044,56520
8045,54697
8046,55244
8047,59348
8048,66548
8049,71478
8050,71879
8051,72435
8052,72804
8053,74037
8054,73762
8055,72786
8056,71522
8057,70906
8058,72231
8059,75842
8060,78064
8061,74610
8062,69916
8063,65551
8064,68169
8065,66379
8066,61522
8067,60874
8068,58741
8069,56891
8070,57292
8071,61444
8072,68864
8073,73788
8074,74245
8075,74733
8076,74884
8077,76049
8078,76117
8079,75044
8080,73845
8081,73070
8082,74204
8083,78089
8084,80237
8085,76547
8086,71917
8087,67459
8088,70099
8089,68653
8090,63855
8091,63215
8092,60955
8093,58776
8094,59092
8095,62958
8096,70229
8097,74703
8098,74625
8099,74902
8100,75181
8101,76164
8102,75958
8103,74384
8104,72896
8105,71867
8106,73082
8107,77036
8108,79187
8109,75594
8110,70743
8111,66626
8112,68959
8113,67375
8114,62562
8115,62629
8116,60183
8117,58132
8118,58154
8119,62007
8120,69413
8121,74512
8122,74544
8123,75006
8124,74858
8125,75600
8126,75159
8127,73523
8128,71742
8129,70359
8130,71218
8131,74995
8132,76447
8133,73354
8134,69257
8135,65752
8136,68617
8137,67386
8138,62061
8139,61124
8140,58568
8141,55969
8142,55479
8143,57206
8144,59779
8145,62897
8146,65417
8147,67609
8148,67567
8149,68236
8150,69393
8151,66046
8152,64135
8153,62936
8154,63976
8155,68863
8156,71079
8157,69388
8158,66409
8159,64189
8160,68073
8161,68238
8162,63587
8163,62258
8164,59459
8165,56863
8166,55888
8167,56721
8168,58091
8169,59638
8170,61632
8171,64376
8172,66102
8173,67253
8174,68655
8175,64671
8176,62286
8177,61037
8178,62197
8179,67156
8180,70384
8181,69649
8182,66758
8183,63644
8184,66812
8185,65815
8186,61708
8187,60926
8188,58808
8189,56853
8190,57396
8191,61881
8192,69583
8193,74792
8194,74775
8195,75004
8196,74960
8197,75557
8198,75269
8199,73933
8200,72282
8201,71211
8202,72631
8203,77585
8204,80179
8205,77212
8206,72594
8207,68507
8208,70995
8209,69756
8210,65257
8211,65084
8212,62917
8213,61120
8214,61843
8215,66309
8216,74407
8217,79708
8218,79465
8219,79078
8220,78405
8221,78451
8222,77169
8223,74817
8224,72982
8225,71925
8226,73707
8227,79610
8228,82607
8229,79408
8230,74723
8231,70696
8232,72883
8233,71624
8234,66807
8235,66371
8236,64086
8237,62011
8238,62091
8239,66036
8240,73376
8241,77834
8242,77713
8243,77529
8244,77476
8245,77663
8246,77121
8247,75500
8248,73617
8249,72476
8250,73568
8251,77602
8252,79734
8253,76429
8254,71489
8255,67420
8256,69495
8257,68308
8258,63553
8259,62951
8260,60828
8261,58624
8262,58830
8263,62714
8264,70273
8265,75018
8266,74578
8267,74180
8268,73862
8269,74361
8270,73948
8271,72589
8272,70926
8273,69722
8274,71149
8275,75689
8276,77821
8277,74647
8278,69971
8279,65833
8280,68192
8281,66955
8282,62276
8283,61872
8284,59760
8285,57683
8286,58009
8287,61982
8288,69667
8289,74508
8290,74336
8291,74110
8292,73640
8293,73959
8294,73371
8295,71587
8296,69845
8297,68552
8298,69547
8299,73620
8300,74809
8301,71634
8302,67600
8303,64201
8304,66996
8305,65664
8306,60285
8307,58926
8308,56341
8309,53813
8310,53167
8311,54555
8312,57069
8313,60039
8314,62515
8315,64615
8316,65335
8317,66531
8318,67972
8319,64756
8320,62656
8321,61265
8322,62299
8323,66638
8324,68773
8325,66879
8326,63653
8327,61247
8328,65168
8329,64976
8330,60429
8331,59227
8332,56595
8333,53906
8334,53007
8335,53878
8336,55634
8337,57520
8338,59596
8339,62978
8340,64600
8341,65716
8342,67116
8343,62919
8344,60402
8345,58937
8346,60269
8347,65598
8348,68584
8349,68192
8350,65633
8351,62756
8352,65682
8353,64732
8354,60676
8355,59774
8356,57556
8357,55538
8358,56118
8359,60553
8360,67891
8361,73521
8362,73384
8363,73568
8364,73362
8365,73935
8366,73552
8367,72156
8368,70504
8369,69436
8370,70482
8371,74609
8372,76827
8373,73674
8374,68886
8375,64487
8376,66797
8377,65501
8378,60653
8379,59948
8380,57652
8381,55399
8382,55631
8383,59631
8384,67176
8385,72387
8386,72041
8387,72004
8388,71728
8389,71891
8390,71212
8391,69498
8392,68046
8393,67060
8394,68498
8395,73235
8396,75829
8397,72779
8398,68450
8399,64333
8400,66731
8401,65317
8402,60636
8403,60136
8404,57980
8405,56032
8406,56356
8407,60310
8408,67836
8409,73397
8410,73657
8411,73684
8412,73863
8413,74897
8414,74641
8415,73244
8416,71638
8417,70293
8418,70853
8419,73903
8420,75676
8421,72247
8422,67298
8423,63248
8424,65298
8425,63912
8426,59092
8427,57793
8428,55553
8429,53189
8430,53046
8431,56500
8432,63775
8433,69301
8434,68724
8435,68693
8436,68547
8437,69239
8438,68867
8439,67405
8440,65776
8441,64848
8442,65666
8443,69727
8444,71620
8445,68901
8446,64206
8447,60351
8448,62505
8449,61283
8450,56494
8451,55255
8452,52862
8453,50764
8454,50826
8455,54656
8456,62091
8457,67524
8458,67170
8459,67050
8460,66857
8461,67158
8462,66995
8463,65011
8464,63737
8465,62463
8466,63345
8467,67790
8468,69047
8469,66619
8470,62930
8471,59797
8472,62684
8473,61515
8474,56272
8475,54871
8476,52263
8477,49878
8478,49436
8479,50942
8480,53453
8481,56684
8482,58649
8483,60467
8484,60767
8485,61644
8486,63033
8487,59951
8488,58107
8489,56839
8490,57860
8491,62862
8492,65185
8493,63403
8494,60544
8495,58066
8496,61717
8497,61278
8498,56991
8499,55861
8500,53058
8501,50650
8502,49824
8503,50631
8504,52177
8505,54229
8506,55951
8507,58686
8508,60053
8509,61136
8510,62620
8511,59165
8512,56942
8513,55549
8514,56593
8515,62036
8516,64620
8517,64406
8518,62046
8519,59781
8520,62925
8521,62058
8522,57634
8523,56900
8524,54692
8525,52764
8526,53259
8527,56712
8528,62196
8529,67353
8530,69353
8531,70034
8532,69762
8533,69999
8534,69696
8535,67555
8536,65320
8537,63801
8538,64673
8539,69551
8540,71582
8541,69504
8542,65686
8543,62276
8544,65323
8545,64104
8546,59457
8547,58504
8548,56398
8549,54224
8550,54420
8551,57644
8552,62878
8553,67827
8554,69404
8555,69973
8556,69594
8557,69997
8558,69920
8559,67846
8560,65701
8561,64270
8562,65168
8563,69800
8564,71557
8565,69220
8566,65518
8567,62209
8568,65076
8569,63862
8570,59255
8571,58316
8572,55815
8573,53325
8574,53139
8575,55586
8576,59880
8577,63925
8578,65348
8579,66448
8580,66338
8581,66240
8582,66777
8583,64393
8584,62312
8585,60646
8586,61182
8587,65239
8588,64497
8589,61463
8590,58533
8591,56890
8592,61128
8593,61824
8594,58349
8595,57455
8596,54578
8597,51020
8598,49291
8599,49539
8600,50270
8601,51170
8602,51589
8603,53799
8604,55513
8605,56052
8606,57135
8607,53201
8608,50649
8609,49741
8610,51013
8611,56530
8612,58747
8613,59474
8614,58675
8615,57349
8616,61375
8617,60603
8618,56682
8619,56181
8620,54226
8621,52469
8622,52786
8623,55137
8624,58337
8625,61441
8626,62997
8627,65147
8628,66081
8629,67106
8630,68268
8631,65638
8632,63701
8633,62593
8634,64008
8635,68959
8636,70650
8637,68634
8638,65522
8639,62892
8640,66194
8641,65144
8642,60465
8643,59447
8644,56991
8645,54359
8646,53705
8647,54850
8648,56588
8649,58928
8650,60984
8651,63794
8652,65439
8653,67003
8654,68901
8655,66066
8656,64284
8657,63024
8658,63770
8659,68285
8660,70283
8661,68504
8662,65716
8663,63268
8664,67211
8665,66489
8666,62262
8667,61449
8668,59108
8669,56719
8670,56009
8671,56866
8672,58283
8673,60094
8674,61796
8675,64743
8676,66678
8677,68184
8678,69852
8679,66456
8680,64350
8681,63502
8682,64982
8683,71393
8684,74633
8685,74981
8686,73074
8687,70789
8688,74514
8689,73476
8690,69568
8691,69214
8692,67415
8693,65343
8694,65692
8695,68482
8696,72280
8697,76161
8698,78328
8699,79967
8700,79759
8701,79717
8702,79888
8703,76864
8704,74415
8705,73017
8706,74184
8707,79844
8708,82264
8709,80357
8710,76474
8711,73114
8712,76216
8713,74903
8714,70527
8715,69911
8716,67728
8717,65501
8718,65291
8719,67707
8720,71609
8721,75390
8722,77225
8723,78615
8724,78292
8725,78281
8726,78204
8727,75154
8728,72578
8729,71231
8730,72510
8731,78317
8732,80797
8733,78859
8734,75057
8735,71640
8736,74921
8737,73883
8738,69302
8739,68609
8740,66321
8741,63914
8742,63562
8743,65855
8744,69505
8745,73348
8746,75259
8747,77140
8748,76837
8749,76522
8750,76852
8751,73736
8752,70960
8753,69062
8754,69871
8755,75932
8756,76860
8757,74198
8758,70777
8759,68850
8760,73714
