Saison;Jour;Heure;Climatisation et ventilation;Industrie hors metallurgie;Metallurgie;Energie;Cuisson;Eclairage;Autres usages
Hiver;Lundi;0;0,019534555;0,305187802;0,060123273;0,033111321;0,00616066;0,095319959;0,48056243
Hiver;Lundi;1;0,019933744;0,317094885;0,062469018;0,034403179;0,004791765;0,083248939;0,478058468
Hiver;Lundi;2;0,019628094;0,310296225;0,061129654;0,033665559;0,004354886;0,077703612;0,493221969
Hiver;Lundi;3;0,019882663;0,315370764;0,062129359;0,034216121;0,004518787;0,075822132;0,488060174
Hiver;Lundi;4;0,02076601;0,323438701;0,063718777;0,035091451;0,006439312;0,076378248;0,474167502
Hiver;Lundi;5;0,021314853;0,316360603;0,062324362;0,034323513;0,012323547;0,079399264;0,473953857
Hiver;Lundi;6;0,020293883;0,282821609;0,05571704;0,030684703;0,026387021;0,087318409;0,496777335
Hiver;Lundi;7;0,01925444;0,245685798;0,04840113;0,026655657;0,035907505;0,113159816;0,510935654
Hiver;Lundi;8;0,02106701;0,238241344;0,046934541;0,025847972;0,024795684;0,093983306;0,549130144
Hiver;Lundi;9;0,021852484;0,237332825;0,046755559;0,025749402;0,022679446;0,081827938;0,563802346
Hiver;Lundi;10;0,021827247;0,234726431;0,046242088;0,025466622;0,023863371;0,080019666;0,567854574
Hiver;Lundi;11;0,021423622;0,233180462;0,045937526;0,025298892;0,036665804;0,076875365;0,56061833
Hiver;Lundi;12;0,020879613;0,23950071;0,047182641;0,025984607;0,06824119;0,074070943;0,524140297
Hiver;Lundi;13;0,020862512;0,242908711;0,047854032;0,026354357;0,039434728;0,075683863;0,546901797
Hiver;Lundi;14;0,02182481;0,24471416;0,048209713;0,026550239;0,017035014;0,075345574;0,56632049
Hiver;Lundi;15;0,022558546;0,251481338;0,049542875;0,027284444;0,015152533;0,074783708;0,559196557
Hiver;Lundi;16;0,022600863;0,256058468;0,050444589;0,027781039;0,017911347;0,080481651;0,544722044
Hiver;Lundi;17;0,021721809;0,246733868;0,048607604;0,026769367;0,022691909;0,126049761;0,507425682
Hiver;Lundi;18;0,019925128;0,228479964;0,045011508;0,024788912;0,056796479;0,147544588;0,477453419
Hiver;Lundi;19;0,018464296;0,228098372;0,044936333;0,024747511;0,127546286;0,148764377;0,407442826
Hiver;Lundi;20;0,01958678;0,249553682;0,049163119;0,027075303;0,087214549;0,153382569;0,414023999
Hiver;Lundi;21;0,019952454;0,272757184;0,053734306;0,029592765;0,038946807;0,145343925;0,43967256
Hiver;Lundi;22;0,018716589;0,301965117;0,059488391;0,032761676;0,017846663;0,134574912;0,434646651
Hiver;Lundi;23;0,018992364;0,314183547;0,061895473;0,034087314;0,009852975;0,113624837;0,44736349
Hiver;Mardi;0;0,019632754;0,328398297;0,064695838;0,035629542;0,005637688;0,093574297;0,452431584
Hiver;Mardi;1;0,019778727;0,343556031;0,067681975;0,037274079;0,004454668;0,073739607;0,453514914
Hiver;Mardi;2;0,019687905;0,33531448;0,066058355;0,036379912;0,00404744;0,079618929;0,458892978
Hiver;Mardi;3;0,019685913;0,33809254;0,066605644;0,036681318;0,004216333;0,076911729;0,457806523
Hiver;Mardi;4;0,020305027;0,340272712;0,067035147;0,036917855;0,00603663;0,076887597;0,452545032
Hiver;Mardi;5;0,020672175;0,327862489;0,064590281;0,035571409;0,011746176;0,079512579;0,460044889
Hiver;Mardi;6;0,019897797;0,288288604;0,056794061;0,031277844;0,025344013;0,087043906;0,491353774
Hiver;Mardi;7;0,019263978;0,250799005;0,049408453;0,027210414;0,034882301;0,11291177;0,505524079
Hiver;Mardi;8;0,020705599;0,243934215;0,04805606;0,026465619;0,024227372;0,093934196;0,542676939
Hiver;Mardi;9;0,021406011;0,243406606;0,047952119;0,026408376;0,022258193;0,082438504;0,55613019
Hiver;Mardi;10;0,021426795;0,240368517;0,047353603;0,026078759;0,023513299;0,080711606;0,56054742
Hiver;Mardi;11;0,02115695;0,239645764;0,047211218;0,026000344;0,036277595;0,077993841;0,551714287
Hiver;Mardi;12;0,020291291;0,245815013;0,048426586;0,026669676;0,068001574;0,075932687;0,514863173
Hiver;Mardi;13;0,020157741;0,247102566;0,048680239;0,026809369;0,039031022;0,077026188;0,541192876
Hiver;Mardi;14;0,021254702;0,246722982;0,048605459;0,026768186;0,016863576;0,076319019;0,563466076
Hiver;Mardi;15;0,021753763;0,251055004;0,049458886;0,027238189;0,014936046;0,075875951;0,559682162
Hiver;Mardi;16;0,02184471;0,254960103;0,050228207;0,027661872;0,017616701;0,081592019;0,546096388
Hiver;Mardi;17;0,020913321;0,247258576;0,048710973;0,026826295;0,022413081;0,124250955;0,509626799
Hiver;Mardi;18;0,019124623;0,227978658;0,044912749;0,024734523;0,05584157;0,147507865;0,479900012
Hiver;Mardi;19;0,017660141;0,229699279;0,045251719;0,024921201;0,125909181;0,148223934;0,408334544
Hiver;Mardi;20;0,018584059;0,249873649;0,049226154;0,027110018;0,08590299;0,152728349;0,41657478
Hiver;Mardi;21;0,018857442;0,271973673;0,053579951;0,029507758;0,03823217;0,143829142;0,444019865
Hiver;Mardi;22;0,018559953;0,30061574;0,059222558;0,032615276;0,01757355;0,134358483;0,43705444
Hiver;Mardi;23;0,018637358;0,312664029;0,061596121;0,033922454;0,009725017;0,113232788;0,450222233
Hiver;Mercredi;0;0,019632754;0,328398297;0,064695838;0,035629542;0,005637688;0,093574297;0,452431584
Hiver;Mercredi;1;0,019778727;0,343556031;0,067681975;0,037274079;0,004454668;0,073739607;0,453514914
Hiver;Mercredi;2;0,019687905;0,33531448;0,066058355;0,036379912;0,00404744;0,079618929;0,458892978
Hiver;Mercredi;3;0,019685913;0,33809254;0,066605644;0,036681318;0,004216333;0,076911729;0,457806523
Hiver;Mercredi;4;0,020305027;0,340272712;0,067035147;0,036917855;0,00603663;0,076887597;0,452545032
Hiver;Mercredi;5;0,020672175;0,327862489;0,064590281;0,035571409;0,011746176;0,079512579;0,460044889
Hiver;Mercredi;6;0,019897797;0,288288604;0,056794061;0,031277844;0,025344013;0,087043906;0,491353774
Hiver;Mercredi;7;0,019263978;0,250799005;0,049408453;0,027210414;0,034882301;0,11291177;0,505524079
Hiver;Mercredi;8;0,020705599;0,243934215;0,04805606;0,026465619;0,024227372;0,093934196;0,542676939
Hiver;Mercredi;9;0,021406011;0,243406606;0,047952119;0,026408376;0,022258193;0,082438504;0,55613019
Hiver;Mercredi;10;0,021426795;0,240368517;0,047353603;0,026078759;0,023513299;0,080711606;0,56054742
Hiver;Mercredi;11;0,02115695;0,239645764;0,047211218;0,026000344;0,036277595;0,077993841;0,551714287
Hiver;Mercredi;12;0,020291291;0,245815013;0,048426586;0,026669676;0,068001574;0,075932687;0,514863173
Hiver;Mercredi;13;0,020157741;0,247102566;0,048680239;0,026809369;0,039031022;0,077026188;0,541192876
Hiver;Mercredi;14;0,021254702;0,246722982;0,048605459;0,026768186;0,016863576;0,076319019;0,563466076
Hiver;Mercredi;15;0,021753763;0,251055004;0,049458886;0,027238189;0,014936046;0,075875951;0,559682162
Hiver;Mercredi;16;0,02184471;0,254960103;0,050228207;0,027661872;0,017616701;0,081592019;0,546096388
Hiver;Mercredi;17;0,020913321;0,247258576;0,048710973;0,026826295;0,022413081;0,124250955;0,509626799
Hiver;Mercredi;18;0,019124623;0,227978658;0,044912749;0,024734523;0,05584157;0,147507865;0,479900012
Hiver;Mercredi;19;0,017660141;0,229699279;0,045251719;0,024921201;0,125909181;0,148223934;0,408334544
Hiver;Mercredi;20;0,018584059;0,249873649;0,049226154;0,027110018;0,08590299;0,152728349;0,41657478
Hiver;Mercredi;21;0,018857442;0,271973673;0,053579951;0,029507758;0,03823217;0,143829142;0,444019865
Hiver;Mercredi;22;0,018559953;0,30061574;0,059222558;0,032615276;0,01757355;0,134358483;0,43705444
Hiver;Mercredi;23;0,018637358;0,312664029;0,061596121;0,033922454;0,009725017;0,113232788;0,450222233
Hiver;Jeudi;0;0,019632754;0,328398297;0,064695838;0,035629542;0,005637688;0,093574297;0,452431584
Hiver;Jeudi;1;0,019778727;0,343556031;0,067681975;0,037274079;0,004454668;0,073739607;0,453514914
Hiver;Jeudi;2;0,019687905;0,33531448;0,066058355;0,036379912;0,00404744;0,079618929;0,458892978
Hiver;Jeudi;3;0,019685913;0,33809254;0,066605644;0,036681318;0,004216333;0,076911729;0,457806523
Hiver;Jeudi;4;0,020305027;0,340272712;0,067035147;0,036917855;0,00603663;0,076887597;0,452545032
Hiver;Jeudi;5;0,020672175;0,327862489;0,064590281;0,035571409;0,011746176;0,079512579;0,460044889
Hiver;Jeudi;6;0,019897797;0,288288604;0,056794061;0,031277844;0,025344013;0,087043906;0,491353774
Hiver;Jeudi;7;0,019263978;0,250799005;0,049408453;0,027210414;0,034882301;0,11291177;0,505524079
Hiver;Jeudi;8;0,020705599;0,243934215;0,04805606;0,026465619;0,024227372;0,093934196;0,542676939
Hiver;Jeudi;9;0,021406011;0,243406606;0,047952119;0,026408376;0,022258193;0,082438504;0,55613019
Hiver;Jeudi;10;0,021426795;0,240368517;0,047353603;0,026078759;0,023513299;0,080711606;0,56054742
Hiver;Jeudi;11;0,02115695;0,239645764;0,047211218;0,026000344;0,036277595;0,077993841;0,551714287
Hiver;Jeudi;12;0,020291291;0,245815013;0,048426586;0,026669676;0,068001574;0,075932687;0,514863173
Hiver;Jeudi;13;0,020157741;0,247102566;0,048680239;0,026809369;0,039031022;0,077026188;0,541192876
Hiver;Jeudi;14;0,021254702;0,246722982;0,048605459;0,026768186;0,016863576;0,076319019;0,563466076
Hiver;Jeudi;15;0,021753763;0,251055004;0,049458886;0,027238189;0,014936046;0,075875951;0,559682162
Hiver;Jeudi;16;0,02184471;0,254960103;0,050228207;0,027661872;0,017616701;0,081592019;0,546096388
Hiver;Jeudi;17;0,020913321;0,247258576;0,048710973;0,026826295;0,022413081;0,124250955;0,509626799
Hiver;Jeudi;18;0,019124623;0,227978658;0,044912749;0,024734523;0,05584157;0,147507865;0,479900012
Hiver;Jeudi;19;0,017660141;0,229699279;0,045251719;0,024921201;0,125909181;0,148223934;0,408334544
Hiver;Jeudi;20;0,018584059;0,249873649;0,049226154;0,027110018;0,08590299;0,152728349;0,41657478
Hiver;Jeudi;21;0,018857442;0,271973673;0,053579951;0,029507758;0,03823217;0,143829142;0,444019865
Hiver;Jeudi;22;0,018559953;0,30061574;0,059222558;0,032615276;0,01757355;0,134358483;0,43705444
Hiver;Jeudi;23;0,018637358;0,312664029;0,061596121;0,033922454;0,009725017;0,113232788;0,450222233
Hiver;Vendredi;0;0,019348713;0,324976972;0,064021823;0,035258345;0,005556124;0,092248407;0,458589616
Hiver;Vendredi;1;0,019394029;0,338879678;0,066760714;0,036766718;0,004368025;0,082730384;0,451100452
Hiver;Vendredi;2;0,01958025;0,334365859;0,065871472;0,036276992;0,004025308;0,07921232;0,460667799
Hiver;Vendredi;3;0,01956963;0,335925995;0,066178826;0,036446259;0,004191427;0,076457416;0,461230448
Hiver;Vendredi;4;0,020194405;0,33858731;0,066703116;0,036734998;0,006003742;0,076353811;0,455422618
Hiver;Vendredi;5;0,020548109;0,325196767;0,064065123;0,035282192;0,011675681;0,079089808;0,46414232
Hiver;Vendredi;6;0,01984841;0,28670003;0,056481105;0,031105492;0,025281108;0,086684891;0,493898964
Hiver;Vendredi;7;0,019138279;0,248091858;0,048875133;0,026916702;0,034654691;0,112257326;0,510066011
Hiver;Vendredi;8;0,020632126;0,24138383;0,047553624;0,026188916;0,024141402;0,093358856;0,546741246
Hiver;Vendredi;9;0,021279303;0,24078341;0,047435339;0,026123773;0,022126442;0,081486621;0,560765111
Hiver;Vendredi;10;0,021265992;0,23658022;0,046607293;0,025667748;0,023336838;0,079627998;0,566913911
Hiver;Vendredi;11;0,021030956;0,235969362;0,046486951;0,025601473;0,036061554;0,077351143;0,557498561
Hiver;Vendredi;12;0,020163131;0,241997421;0,047674504;0,026255487;0,067572075;0,075002752;0,52133463
Hiver;Vendredi;13;0,020191981;0,244313647;0,04813081;0,026506786;0,039304843;0,076057154;0,545494778
Hiver;Vendredi;14;0,021452168;0,24602672;0,048468293;0,026692645;0,017020246;0,075342677;0,564997251
Hiver;Vendredi;15;0,022124033;0,252013877;0,049647788;0,027342221;0,015190272;0,074479267;0,559202542
Hiver;Vendredi;16;0,022254611;0,254802523;0,050197163;0,027644775;0,017947267;0,080447266;0,546706394
Hiver;Vendredi;17;0,021239517;0,245860063;0,04843546;0,026674564;0,02276267;0,124200406;0,51082732
Hiver;Vendredi;18;0,019646026;0,228908714;0,045095974;0,024835429;0,057364004;0,148102342;0,476047512
Hiver;Vendredi;19;0,018094698;0,228229779;0,044962221;0,024761768;0,129007382;0,14926623;0,405677921
Hiver;Vendredi;20;0,018961624;0,247505491;0,048759617;0,026853084;0,087648246;0,153597913;0,416674025
Hiver;Vendredi;21;0,019070561;0,265916918;0,052386745;0,02885063;0,038664255;0,144265704;0,450845187
Hiver;Vendredi;22;0,018608145;0,289858416;0,05710332;0,031448161;0,01761918;0,134447097;0,450915681
Hiver;Vendredi;23;0,018662188;0,301671245;0,059430497;0,032729793;0,009737973;0,113600641;0,464167664
Hiver;Samedi;0;0,017433951;0,312562367;0,061576093;0,033911424;0,007122932;0,0919088;0,475484433
Hiver;Samedi;1;0,019447409;0,336485562;0,066289063;0,036506969;0,0050825;0,084667749;0,451520749
Hiver;Samedi;2;0,0202804;0,33081385;0,065171712;0,035891617;0,004858846;0,081302676;0,461680899
Hiver;Samedi;3;0,020324714;0,327970773;0,064611614;0,035583158;0,004692663;0,078830637;0,467986442
Hiver;Samedi;4;0,021126796;0,325918613;0,06420733;0,035360509;0,005996689;0,079433064;0,467956999
Hiver;Samedi;5;0,021844813;0,32571;0,064166232;0,035337875;0,008049706;0,083815262;0,461076112
Hiver;Samedi;6;0,02183865;0,316385913;0,062329348;0,034326259;0,016378988;0,093410948;0,455329893
Hiver;Samedi;7;0,021014903;0,287447151;0,056628291;0,031186551;0,030394129;0,125165091;0,448163884
Hiver;Samedi;8;0,021069872;0,270841633;0,053356934;0,029384937;0,037417629;0,09582814;0,492100854
Hiver;Samedi;9;0,020827132;0,256604358;0,050552132;0,027840265;0,04221584;0,080354152;0,521606121
Hiver;Samedi;10;0,020223447;0,247197097;0,048698862;0,026819625;0,051090813;0,076659873;0,529310284
Hiver;Samedi;11;0,020034955;0,239895982;0,047260512;0,026027492;0,082965264;0,073251346;0,510564449
Hiver;Samedi;12;0,018528302;0,237256884;0,046740598;0,025741163;0,138680826;0,068226369;0,464825857
Hiver;Samedi;13;0,018750199;0,241594062;0,047595041;0,026211725;0,093076181;0,070084292;0,502688501
Hiver;Samedi;14;0,019768475;0,244884123;0,048243196;0,026568679;0,042612046;0,071508187;0,546415293
Hiver;Samedi;15;0,020172362;0,249167724;0,049087084;0,027033428;0,027796365;0,072265549;0,554477487
Hiver;Samedi;16;0,020408618;0,251749334;0,049595672;0,02731352;0,029031258;0,079874227;0,542027371
Hiver;Samedi;17;0,019396897;0,244149152;0,048098404;0,026488939;0,037360648;0,129106736;0,495399224
Hiver;Samedi;18;0,018978757;0,224667321;0,044260402;0,024375259;0,070931399;0,154924917;0,461861944
Hiver;Samedi;19;0,017765931;0,220756785;0,04349001;0,023950986;0,127834051;0,156308828;0,409893409
Hiver;Samedi;20;0,018520423;0,238354454;0,046956824;0,025860244;0,121257728;0,162065851;0,386984476
Hiver;Samedi;21;0,019056174;0,257725452;0,050772992;0,027961898;0,056430523;0,171268349;0,416784612
Hiver;Samedi;22;0,018550429;0,282473209;0,055648403;0,030646904;0,020503106;0,161268129;0,430909819
Hiver;Samedi;23;0,018206849;0,288308169;0,056797915;0,031279967;0,011217768;0,129444824;0,464744507
Hiver;Dimanche;0;0,017941183;0,290333947;0,057197002;0,031499754;0,007452954;0,09123858;0,50433658
Hiver;Dimanche;1;0,018659171;0,303398847;0,059770842;0,032917229;0,005272558;0,080951126;0,499030227
Hiver;Dimanche;2;0,018274228;0,29920294;0,05894423;0,032461994;0,005029317;0,076439377;0,509647912
Hiver;Dimanche;3;0,018699914;0,305309691;0,060147286;0,033124546;0,004897596;0,075308495;0,502512472
Hiver;Dimanche;4;0,01904104;0,309659016;0,061004121;0,033596425;0,006347013;0,07723827;0,493114114
Hiver;Dimanche;5;0,019986595;0,316358719;0,062323991;0,034323309;0,008712958;0,082573568;0,47572086
Hiver;Dimanche;6;0,020133736;0,316629494;0,062377334;0,034352687;0,018270117;0,093014531;0,455222101
Hiver;Dimanche;7;0,018815842;0,294490908;0,05801594;0,031950763;0,034770432;0,126890306;0,435065808
Hiver;Dimanche;8;0,018104297;0,279074435;0,054978831;0,030278154;0,043272238;0,089898223;0,484393823
Hiver;Dimanche;9;0,016590202;0,260807655;0,051380199;0,028296302;0,047807433;0,070397759;0,52472045
Hiver;Dimanche;10;0,015035145;0,242459453;0,047765526;0,026305615;0,05551438;0,066334544;0,546585336
Hiver;Dimanche;11;0,014327333;0,233798571;0,046059296;0,025365954;0,088376764;0,062308976;0,529763106
Hiver;Dimanche;12;0,013763354;0,231876355;0,045680612;0,025157403;0,146109002;0,057993883;0,479419391
Hiver;Dimanche;13;0,014610242;0,241538668;0,047584128;0,026205715;0,099514557;0,059961257;0,510585434
Hiver;Dimanche;14;0,015280026;0,246834685;0,048627465;0,026780305;0,04607759;0,062413231;0,553986698
Hiver;Dimanche;15;0,015758886;0,252275095;0,049699249;0,027370562;0,029955353;0,063170236;0,56177062
Hiver;Dimanche;16;0,015856689;0,25430844;0,050099826;0,02759117;0,031058369;0,070850199;0,550235306
Hiver;Dimanche;17;0,015198022;0,245968314;0,048456787;0,026686309;0,03955148;0,123153681;0,500985408
Hiver;Dimanche;18;0,015212892;0,222025226;0,043739898;0,024088606;0,07317683;0,151753297;0,470003251
Hiver;Dimanche;19;0,014908735;0,21372729;0,04210517;0,023188322;0,128503387;0,154740058;0,422827038
Hiver;Dimanche;20;0,016026623;0,230062771;0,045323328;0,024960638;0,119695842;0,157243244;0,406687555
Hiver;Dimanche;21;0,016869111;0,252816408;0,04980589;0,027429292;0,055735751;0,168066327;0,429277221
Hiver;Dimanche;22;0,017683957;0,286128701;0,056368551;0,031043506;0,020732915;0,161275361;0,426767011
Hiver;Dimanche;23;0,018042622;0,301210442;0,059339717;0,032679798;0,01154486;0,129350789;0,447831773
Ete;Lundi;0;0,021679016;0,3237362;0,063777385;0,035123728;0,005806266;0,097160469;0,452716937
Ete;Lundi;1;0,022692689;0,344300581;0,067828654;0,037354859;0,004618544;0,08575218;0,437452493
Ete;Lundi;2;0,022826701;0,343578658;0,067686432;0,037276534;0,004304877;0,081250034;0,443076764
Ete;Lundi;3;0,023303418;0,351910734;0,069327886;0,038180521;0,004529191;0,079443471;0,433304778
Ete;Lundi;4;0,024264662;0,360203658;0,070961627;0,039080261;0,006408175;0,080678201;0,418403415
Ete;Lundi;5;0,025297127;0,35530543;0,069996655;0,038548829;0,012444005;0,060515365;0,43789259
Ete;Lundi;6;0,025018529;0,327074888;0,064435121;0,035485959;0,030200063;0,05641433;0,461371111
Ete;Lundi;7;0,02376176;0,283646475;0,055879542;0,030774197;0,041365987;0,069995881;0,494576159
Ete;Lundi;8;0,024814862;0,264139574;0,052036601;0,028657798;0,029963274;0,073468582;0,526919309
Ete;Lundi;9;0,024795711;0,25520249;0,050275958;0,02768817;0,025851347;0,07279195;0,543394373
Ete;Lundi;10;0,024626916;0,250979139;0,04944394;0,027229958;0,022880978;0,073007778;0,551831291
Ete;Lundi;11;0,024217206;0,249776811;0,049207076;0,027099511;0,035210543;0,0709901;0,543498751
Ete;Lundi;12;0,023394103;0,254747926;0,050186407;0,027638852;0,064970752;0,067333325;0,511728636
Ete;Lundi;13;0,023325142;0,257730712;0,050774028;0,027962469;0,037478522;0,068695105;0,534034022
Ete;Lundi;14;0,024461803;0,261043272;0,051426616;0,028321865;0,016222284;0,069347344;0,549176816
Ete;Lundi;15;0,025474828;0,269832787;0,053158187;0,029275482;0,014539878;0,067724589;0,539994248
Ete;Lundi;16;0,025757824;0,275634157;0,054301082;0,029904901;0,017345086;0,067301902;0,529755048
Ete;Lundi;17;0,025953491;0,27964155;0,055090555;0,030339683;0,023055771;0,0682602;0,51765875
Ete;Lundi;18;0,02466997;0,271039784;0,053395971;0,029406435;0,058890394;0,066340236;0,49625721
Ete;Lundi;19;0,022753661;0,267615839;0,052721439;0,029034955;0,118773136;0,065819604;0,443281365
Ete;Lundi;20;0,023563271;0,284583716;0,056064182;0,030875883;0,08762182;0,072708025;0,444583103
Ete;Lundi;21;0,023048127;0,299403442;0,05898373;0,032483748;0,03823831;0,1032047;0,444637943
Ete;Lundi;22;0,020158263;0,307456939;0,060570303;0,033357511;0,016325354;0,129126453;0,433005176
Ete;Lundi;23;0,020120769;0,31337618;0,061736418;0,033999719;0,008868258;0,116915627;0,444983028
Ete;Mardi;0;0,021540869;0,33391646;0,065782939;0,036228234;0,005253112;0,096638617;0,440639768
Ete;Mardi;1;0,021855786;0,350272776;0,069005202;0,038002811;0,004167695;0,087685677;0,429010053
Ete;Mardi;2;0,022320739;0,350253276;0,06900136;0,038000696;0,003900393;0,084268165;0,432255371
Ete;Mardi;3;0,022487467;0,35556295;0,070047388;0,038576768;0,004118827;0,08138005;0,42782655
Ete;Mardi;4;0,023339148;0,358519369;0,070629815;0,038897525;0,005909485;0,082168408;0,420536251
Ete;Mardi;5;0,02424575;0,350912173;0,069131165;0,038072183;0,011721455;0,063616994;0,442300281
Ete;Mardi;6;0,024379995;0,321358842;0,063309036;0,034865797;0,028828686;0,059442702;0,467814942
Ete;Mardi;7;0,023600669;0,278937235;0,054951802;0,030263269;0,039892743;0,072070859;0,500283424
Ete;Mardi;8;0,024285434;0,26159786;0,051535872;0,028382035;0,029152017;0,075467639;0,529579142
Ete;Mardi;9;0,024134899;0,253398349;0,049920534;0,02749243;0,025210103;0,074806749;0,545036937
Ete;Mardi;10;0,024004886;0,249607829;0,049173786;0,027081177;0,022386579;0,074801741;0,552944002
Ete;Mardi;11;0,02368341;0,248571516;0,048969628;0,026968743;0,03449928;0,072834292;0,54447313
Ete;Mardi;12;0,022461944;0,254013697;0,05004176;0,027559192;0,063965231;0,068868091;0,513090085
Ete;Mardi;13;0,02233333;0,256363663;0,050504714;0,027814151;0,036954431;0,070259325;0,535770387
Ete;Mardi;14;0,023698284;0,257082197;0,050646268;0,027892108;0,01597508;0,071048879;0,553657184
Ete;Mardi;15;0,024591347;0,265209386;0,052247358;0,028773867;0,014346929;0,070145811;0,544685303
Ete;Mardi;16;0,024959666;0,272114489;0,053607692;0,029523035;0,017103349;0,069438133;0,533253635
Ete;Mardi;17;0,024941335;0,275240066;0,054223444;0,029862145;0,0227304;0,070153717;0,522848893
Ete;Mardi;18;0,023931424;0,267440203;0,052686838;0,029015899;0,058517914;0,068905996;0,499501726
Ete;Mardi;19;0,022033358;0,267931362;0,052783599;0,029069187;0,118706849;0,066612477;0,442863168
Ete;Mardi;20;0,022651652;0,284171067;0,055982889;0,030831113;0,087441655;0,074154081;0,444767544
Ete;Mardi;21;0,022058428;0,297985684;0,058704426;0,032329928;0,038010908;0,104378723;0,446531903
Ete;Mardi;22;0,02013666;0,305413088;0,060167655;0,033135764;0,016193818;0,130113805;0,43483921
Ete;Mardi;23;0,019893001;0,313240346;0,061709658;0,033984981;0,008818845;0,117709895;0,444643273
Ete;Mercredi;0;0,021540869;0,33391646;0,065782939;0,036228234;0,005253112;0,096638617;0,440639768
Ete;Mercredi;1;0,021855786;0,350272776;0,069005202;0,038002811;0,004167695;0,087685677;0,429010053
Ete;Mercredi;2;0,022320739;0,350253276;0,06900136;0,038000696;0,003900393;0,084268165;0,432255371
Ete;Mercredi;3;0,022487467;0,35556295;0,070047388;0,038576768;0,004118827;0,08138005;0,42782655
Ete;Mercredi;4;0,023339148;0,358519369;0,070629815;0,038897525;0,005909485;0,082168408;0,420536251
Ete;Mercredi;5;0,02424575;0,350912173;0,069131165;0,038072183;0,011721455;0,063616994;0,442300281
Ete;Mercredi;6;0,024379995;0,321358842;0,063309036;0,034865797;0,028828686;0,059442702;0,467814942
Ete;Mercredi;7;0,023600669;0,278937235;0,054951802;0,030263269;0,039892743;0,072070859;0,500283424
Ete;Mercredi;8;0,024285434;0,26159786;0,051535872;0,028382035;0,029152017;0,075467639;0,529579142
Ete;Mercredi;9;0,024134899;0,253398349;0,049920534;0,02749243;0,025210103;0,074806749;0,545036937
Ete;Mercredi;10;0,024004886;0,249607829;0,049173786;0,027081177;0,022386579;0,074801741;0,552944002
Ete;Mercredi;11;0,02368341;0,248571516;0,048969628;0,026968743;0,03449928;0,072834292;0,54447313
Ete;Mercredi;12;0,022461944;0,254013697;0,05004176;0,027559192;0,063965231;0,068868091;0,513090085
Ete;Mercredi;13;0,02233333;0,256363663;0,050504714;0,027814151;0,036954431;0,070259325;0,535770387
Ete;Mercredi;14;0,023698284;0,257082197;0,050646268;0,027892108;0,01597508;0,071048879;0,553657184
Ete;Mercredi;15;0,024591347;0,265209386;0,052247358;0,028773867;0,014346929;0,070145811;0,544685303
Ete;Mercredi;16;0,024959666;0,272114489;0,053607692;0,029523035;0,017103349;0,069438133;0,533253635
Ete;Mercredi;17;0,024941335;0,275240066;0,054223444;0,029862145;0,0227304;0,070153717;0,522848893
Ete;Mercredi;18;0,023931424;0,267440203;0,052686838;0,029015899;0,058517914;0,068905996;0,499501726
Ete;Mercredi;19;0,022033358;0,267931362;0,052783599;0,029069187;0,118706849;0,066612477;0,442863168
Ete;Mercredi;20;0,022651652;0,284171067;0,055982889;0,030831113;0,087441655;0,074154081;0,444767544
Ete;Mercredi;21;0,022058428;0,297985684;0,058704426;0,032329928;0,038010908;0,104378723;0,446531903
Ete;Mercredi;22;0,02013666;0,305413088;0,060167655;0,033135764;0,016193818;0,130113805;0,43483921
Ete;Mercredi;23;0,019893001;0,313240346;0,061709658;0,033984981;0,008818845;0,117709895;0,444643273
Ete;Jeudi;0;0,021540869;0,33391646;0,065782939;0,036228234;0,005253112;0,096638617;0,440639768
Ete;Jeudi;1;0,021855786;0,350272776;0,069005202;0,038002811;0,004167695;0,087685677;0,429010053
Ete;Jeudi;2;0,022320739;0,350253276;0,06900136;0,038000696;0,003900393;0,084268165;0,432255371
Ete;Jeudi;3;0,022487467;0,35556295;0,070047388;0,038576768;0,004118827;0,08138005;0,42782655
Ete;Jeudi;4;0,023339148;0,358519369;0,070629815;0,038897525;0,005909485;0,082168408;0,420536251
Ete;Jeudi;5;0,02424575;0,350912173;0,069131165;0,038072183;0,011721455;0,063616994;0,442300281
Ete;Jeudi;6;0,024379995;0,321358842;0,063309036;0,034865797;0,028828686;0,059442702;0,467814942
Ete;Jeudi;7;0,023600669;0,278937235;0,054951802;0,030263269;0,039892743;0,072070859;0,500283424
Ete;Jeudi;8;0,024285434;0,26159786;0,051535872;0,028382035;0,029152017;0,075467639;0,529579142
Ete;Jeudi;9;0,024134899;0,253398349;0,049920534;0,02749243;0,025210103;0,074806749;0,545036937
Ete;Jeudi;10;0,024004886;0,249607829;0,049173786;0,027081177;0,022386579;0,074801741;0,552944002
Ete;Jeudi;11;0,02368341;0,248571516;0,048969628;0,026968743;0,03449928;0,072834292;0,54447313
Ete;Jeudi;12;0,022461944;0,254013697;0,05004176;0,027559192;0,063965231;0,068868091;0,513090085
Ete;Jeudi;13;0,02233333;0,256363663;0,050504714;0,027814151;0,036954431;0,070259325;0,535770387
Ete;Jeudi;14;0,023698284;0,257082197;0,050646268;0,027892108;0,01597508;0,071048879;0,553657184
Ete;Jeudi;15;0,024591347;0,265209386;0,052247358;0,028773867;0,014346929;0,070145811;0,544685303
Ete;Jeudi;16;0,024959666;0,272114489;0,053607692;0,029523035;0,017103349;0,069438133;0,533253635
Ete;Jeudi;17;0,024941335;0,275240066;0,054223444;0,029862145;0,0227304;0,070153717;0,522848893
Ete;Jeudi;18;0,023931424;0,267440203;0,052686838;0,029015899;0,058517914;0,068905996;0,499501726
Ete;Jeudi;19;0,022033358;0,267931362;0,052783599;0,029069187;0,118706849;0,066612477;0,442863168
Ete;Jeudi;20;0,022651652;0,284171067;0,055982889;0,030831113;0,087441655;0,074154081;0,444767544
Ete;Jeudi;21;0,022058428;0,297985684;0,058704426;0,032329928;0,038010908;0,104378723;0,446531903
Ete;Jeudi;22;0,02013666;0,305413088;0,060167655;0,033135764;0,016193818;0,130113805;0,43483921
Ete;Jeudi;23;0,019893001;0,313240346;0,061709658;0,033984981;0,008818845;0,117709895;0,444643273
Ete;Vendredi;0;0,021454809;0,333081503;0,065618449;0,036137646;0,005232125;0,096128691;0,442346776
Ete;Vendredi;1;0,021775286;0,349174298;0,068788797;0,037883632;0,004152344;0,08749349;0,430732153
Ete;Vendredi;2;0,022277123;0,348610025;0,068677633;0,037822411;0,003892772;0,084201638;0,434518398
Ete;Vendredi;3;0,022409245;0,354277629;0,069794174;0,038437317;0,0041045;0,08179209;0,429185044
Ete;Vendredi;4;0,023211457;0,357840192;0,070496014;0,038823837;0,005877154;0,081982997;0,421768348
Ete;Vendredi;5;0,024195339;0,351873371;0,069320526;0,038176468;0,011697085;0,063484725;0,441252487
Ete;Vendredi;6;0,024383306;0,3236976;0,063769781;0,03511954;0,028832601;0,059158057;0,465039116
Ete;Vendredi;7;0,023696673;0,280781429;0,055315116;0,030463354;0,040055022;0,071803468;0,497884938
Ete;Vendredi;8;0,024428748;0,263999029;0,052008913;0,028642549;0,029324049;0,075148845;0,526447868
Ete;Vendredi;9;0,024310549;0,254009894;0,050041011;0,027558779;0,025393578;0,074452496;0,544233692
Ete;Vendredi;10;0,024281303;0,251898972;0,049625151;0,027329755;0,022644361;0,074298968;0,549921491
Ete;Vendredi;11;0,024052716;0,249958139;0,049242799;0,027119184;0,035037242;0,072701712;0,541888209
Ete;Vendredi;12;0,022795435;0,254868176;0,050210097;0,027651898;0,064914919;0,068687159;0,510872315
Ete;Vendredi;13;0,022859398;0,260663598;0,051351819;0,028280672;0,037824904;0,069846856;0,529172752
Ete;Vendredi;14;0,024357509;0,26201762;0,051618567;0,028427577;0,016419465;0,070308386;0,546850877
Ete;Vendredi;15;0,025361301;0,271129554;0,053413656;0,029416175;0,01479613;0,069064911;0,536818273
Ete;Vendredi;16;0,025908995;0,278084363;0,054783782;0,030170736;0,017753867;0,068381512;0,524916745
Ete;Vendredi;17;0,025732233;0,279310337;0,055025304;0,030303748;0,023451188;0,069994749;0,516182441
Ete;Vendredi;18;0,024869867;0,272678416;0,053718788;0,029584219;0,060812626;0,067799394;0,490536689
Ete;Vendredi;19;0,023127269;0,271924841;0,053570331;0,02950246;0,124600402;0,066026688;0,43124801
Ete;Vendredi;20;0,023597501;0,286552473;0,056452036;0,031089483;0,091092894;0,074307605;0,436908008
Ete;Vendredi;21;0,022867095;0,298672106;0,058839654;0,032404402;0,039404396;0,105639137;0,44217321
Ete;Vendredi;22;0,020737491;0,303134192;0,059718704;0,032888515;0,016677003;0,132400905;0,434443189
Ete;Vendredi;23;0,020327134;0,306415043;0,060365045;0,033244471;0,009011302;0,120101451;0,450535554
Ete;Samedi;0;0,019487036;0,334291272;0,065856779;0,0362689;0,006741808;0,097338867;0,440015339
Ete;Samedi;1;0,02185545;0,354616149;0,069860864;0,038474045;0,004822564;0,087934838;0,422436089
Ete;Samedi;2;0,023170214;0,352711861;0,069485712;0,03826744;0,004723689;0,085405685;0,426235398
Ete;Samedi;3;0,023376527;0,351919785;0,069329669;0,038181503;0,004556145;0,082991928;0,429644443
Ete;Samedi;4;0,024387564;0,352732311;0,06948974;0,038269658;0,005892774;0,085090234;0,424137719
Ete;Samedi;5;0,025569223;0,35504722;0,069945787;0,038520814;0,007983639;0,065595307;0,437338009
Ete;Samedi;6;0,026207892;0,353081864;0,069558604;0,038307583;0,018152188;0,060185064;0,434506805
Ete;Samedi;7;0,025063833;0,31880833;0,062806574;0,034589079;0,03372107;0,073440599;0,451570515
Ete;Samedi;8;0,024274273;0,290431537;0,057216227;0,031510342;0,044083973;0,072970654;0,479512993
Ete;Samedi;9;0,023570194;0,271914059;0,053568207;0,02950129;0,04783119;0,070378995;0,503236066
Ete;Samedi;10;0,022947324;0,262988146;0,051809765;0,028532874;0,049088486;0,069727659;0,514905746
Ete;Samedi;11;0,022757805;0,255822562;0,050398115;0,027755444;0,079811464;0,065886233;0,497568377
Ete;Samedi;12;0,020886651;0,251937345;0,049632711;0,027333918;0,132379065;0,059751685;0,458078625
Ete;Samedi;13;0,021189135;0,257811801;0,050790003;0,027971267;0,089059734;0,062014989;0,491163071
Ete;Samedi;14;0,022511135;0,263422386;0,051895312;0,028579986;0,041075874;0,063837132;0,528678175
Ete;Samedi;15;0,023268254;0,272195627;0,053623677;0,029531838;0,027160713;0,064268821;0,529951069
Ete;Samedi;16;0,023793356;0,279575129;0,05507747;0,030332477;0,028641252;0,064182577;0,518397739
Ete;Samedi;17;0,023517231;0,280118038;0,055184425;0,03039138;0,038346568;0,067106494;0,505335865
Ete;Samedi;18;0,024142126;0,269372253;0,05306746;0,029225517;0,07529217;0,06597111;0,482929365
Ete;Samedi;19;0,022996592;0,267923229;0,052781996;0,029068305;0,124552791;0,066234825;0,436442261
Ete;Samedi;20;0,023259193;0,282074005;0,055569759;0,030603592;0,12673513;0,072127917;0,409630404
Ete;Samedi;21;0,022917881;0,293902679;0,057900057;0,031886943;0,057469044;0,108852011;0,427071386
Ete;Samedi;22;0,02073551;0,297140987;0,058538017;0,032238283;0,01938738;0,139563461;0,432396362
Ete;Samedi;23;0,020011465;0,298270693;0,058760574;0,03236085;0,010457604;0,123135061;0,457003754
Ete;Dimanche;0;0,020439668;0,311372424;0,06134167;0,033782321;0,007189833;0,095248167;0,470625918
Ete;Dimanche;1;0,021414503;0,327569867;0,064532634;0,035539661;0,005109044;0,083628886;0,462205405
Ete;Dimanche;2;0,021476709;0,330841684;0,065177195;0,035894637;0,005029588;0,079922727;0,461657459
Ete;Dimanche;3;0,021961307;0,333706989;0,065741672;0,036205508;0,004855391;0,07884408;0,458685053
Ete;Dimanche;4;0,022287367;0,339309484;0,066845387;0,03681335;0,006324278;0,082634699;0,445785435
Ete;Dimanche;5;0,023743273;0,348927456;0,068740168;0,037856851;0,008770394;0,062775476;0,449186382
Ete;Dimanche;6;0,02450234;0,357642519;0,070457072;0,038802391;0,020533366;0,054188646;0,433873667
Ete;Dimanche;7;0,022467794;0,328000179;0,064617407;0,035586348;0,038622323;0,066697781;0,444008168
Ete;Dimanche;8;0,020681045;0,299913305;0,059084175;0,032539065;0,050549897;0,063331461;0,473901051
Ete;Dimanche;9;0,018712269;0,27645646;0,054463079;0,029994117;0,053984895;0,059286704;0,507102477
Ete;Dimanche;10;0,017270861;0,259929624;0,051207223;0,02820104;0,053997274;0,058543792;0,530850186
Ete;Dimanche;11;0,016604984;0,253179118;0,049877345;0,027468644;0,086743743;0,055349946;0,51077622
Ete;Dimanche;12;0,015926617;0,250867958;0,049422037;0,027217895;0,143167992;0,048923594;0,464473908
Ete;Dimanche;13;0,016862067;0,260983715;0,051414883;0,028315403;0,097246841;0,050021158;0,495155933
Ete;Dimanche;14;0,017724763;0,268964472;0,052987126;0,029181275;0,045245594;0,053235513;0,532661258
Ete;Dimanche;15;0,018614289;0,2799386;0,055149075;0,030371912;0,029973777;0,052788213;0,533164135
Ete;Dimanche;16;0,019050786;0,289052187;0,05694449;0,031360689;0,031576431;0,052069962;0,519945456
Ete;Dimanche;17;0,01904142;0,288910088;0,056916495;0,031345272;0,041950117;0,055026755;0,506809852
Ete;Dimanche;18;0,020026203;0,272865415;0,053755628;0,029604507;0,080382955;0,05627734;0,487087951
Ete;Dimanche;19;0,019743153;0,264325017;0,052073134;0,028677917;0,128091907;0,060303105;0,446785766
Ete;Dimanche;20;0,020302813;0,272338503;0,053651824;0,02954734;0,12619353;0,065376272;0,432589719
Ete;Dimanche;21;0,020225653;0,284068454;0,055962673;0,03081998;0,05658813;0,103313134;0,449021976
Ete;Dimanche;22;0,01944187;0,293985712;0,057916415;0,031895952;0,019282249;0,135869619;0,441608185
Ete;Dimanche;23;0,019515665;0,302877765;0,059668186;0,032860694;0,010591416;0,119807226;0,454679047