Heure;Jour;Mois;Industrie;Autres residentiel;Autres tertiaire;Eclairage;Cuisson
0;Semaine;1;0,391459075;0,238434164;0,24911032;0,113879004;0,007117438
1;Semaine;1;0,383673469;0,244897959;0,269387755;0,093877551;0,008163265
2;Semaine;1;0,399159664;0,268907563;0,243697479;0,079831933;0,008403361
3;Semaine;1;0,396694215;0,268595041;0,247933884;0,078512397;0,008264463
4;Semaine;1;0,407563025;0,260504202;0,25210084;0,075630252;0,004201681
5;Semaine;1;0,409090909;0,252066116;0,252066116;0,078512397;0,008264463
6;Semaine;1;0,399239544;0,228136882;0,281368821;0,079847909;0,011406844
7;Semaine;1;0,361842105;0,197368421;0,325657895;0,088815789;0,026315789
8;Semaine;1;0,318309859;0,185915493;0,352112676;0,112676056;0,030985915
9;Semaine;1;0,315934066;0,197802198;0,365384615;0,090659341;0,03021978
10;Semaine;1;0,318559557;0,207756233;0,376731302;0,077562327;0,019390582
11;Semaine;1;0,315934066;0,211538462;0,379120879;0,074175824;0,019230769
12;Semaine;1;0,313351499;0,220708447;0,351498638;0,068119891;0,046321526
13;Semaine;1;0,320334262;0,228412256;0,323119777;0,066852368;0,061281337
14;Semaine;1;0,324022346;0,220670391;0,357541899;0,069832402;0,027932961
15;Semaine;1;0,323119777;0,21448468;0,378830084;0,066852368;0,016713092
16;Semaine;1;0,329545455;0,221590909;0,366477273;0,068181818;0,014204545
17;Semaine;1;0,331428571;0,208571429;0,365714286;0,077142857;0,017142857
18;Semaine;1;0,310626703;0,182561308;0,365122616;0,122615804;0,019073569
19;Semaine;1;0,291989664;0,19121447;0,320413437;0,147286822;0,049095607
20;Semaine;1;0,29787234;0,199468085;0,271276596;0,154255319;0,07712766
21;Semaine;1;0,320809249;0,210982659;0,257225434;0,156069364;0,054913295
22;Semaine;1;0,349206349;0,231746032;0,244444444;0,146031746;0,028571429
23;Semaine;1;0,380136986;0,239726027;0,232876712;0,133561644;0,01369863
0;Samedi;1;0,362649283;0,248270338;0,25938692;0,118576878;0,011116582
1;Samedi;1;0,382113821;0,243902439;0,268292683;0,093495935;0,012195122
2;Samedi;1;0,39748954;0,267782427;0,242677824;0,079497908;0,012552301
3;Samedi;1;0,395061728;0,267489712;0,24691358;0,0781893;0,012345679
4;Samedi;1;0,406708595;0,259958071;0,251572327;0,075471698;0,006289308
5;Samedi;1;0,401430141;0,253560843;0,253560843;0,078977968;0,012470205
6;Samedi;1;0,396939063;0,237814216;0,264175679;0,083234976;0,017836066
7;Samedi;1;0,359133971;0,209773965;0,294738986;0,094398284;0,041954793
8;Samedi;1;0,314204683;0,200762588;0,313167786;0,121674296;0,050190647
9;Samedi;1;0,31364711;0,219531691;0,315893161;0,100618692;0,050309346
10;Samedi;1;0,325918909;0,237626164;0,314473497;0,088713768;0,033267663
11;Samedi;1;0,322850203;0,241665817;0,317789589;0,084739962;0,03295443
12;Samedi;1;0,314942581;0,247993237;0,282451114;0,076541123;0,078071945
13;Samedi;1;0,320336747;0,255354814;0,246805703;0,074737994;0,102764742
14;Samedi;1;0,330658721;0,251494794;0,290507349;0,07958696;0,047752176
15;Samedi;1;0,331714728;0,245910689;0,316984289;0,076647487;0,028742808
16;Samedi;1;0,334116303;0,25090782;0,313647718;0,077202406;0,024125752
17;Samedi;1;0,330134642;0,23202559;0,323416189;0,085817684;0,028605895
18;Samedi;1;0,301944977;0,198595133;0,334951981;0,133384791;0,031123118
19;Samedi;1;0,273635057;0,200749214;0,293669003;0,154631151;0,077315575
20;Samedi;1;0,271475072;0,203877224;0,24873386;0,157665054;0,11824879
21;Samedi;1;0,292404363;0,215901094;0,247696731;0,159707658;0,084290153
22;Samedi;1;0,31840464;0,237501008;0,250514762;0,14965817;0,043921419
23;Samedi;1;0,350757894;0,248343975;0,241248433;0,138363072;0,021286626
0;Dimanche;1;0,354826574;0,25205026;0,263336092;0,120382214;0,00940486
1;Dimanche;1;0,383695387;0,244081035;0,268489138;0,093564397;0,010170043
2;Dimanche;1;0,396602472;0,269111092;0,243881928;0,079892356;0,010512152
3;Dimanche;1;0,391661822;0,269911137;0,249148742;0,078897102;0,010381198
4;Dimanche;1;0,400390542;0,263191408;0,254701363;0,076410409;0,005306278
5;Dimanche;1;0,396602472;0,25649651;0,25649651;0,079892356;0,010512152
6;Dimanche;1;0,386138017;0,245634871;0,266902727;0,085972205;0,015352179
7;Dimanche;1;0,345861923;0,220013946;0,298448865;0,099006276;0,036668991
8;Dimanche;1;0,30167439;0,211095311;0,315315556;0,127936552;0,04397819
9;Dimanche;1;0,303426118;0,231622991;0,314556797;0,106160537;0,044233557
10;Dimanche;1;0,316462318;0,251639884;0,308594256;0,093945557;0,029357986
11;Dimanche;1;0,313308679;0,255775745;0,312162551;0,089687599;0,029065426
12;Dimanche;1;0,307687325;0,264235298;0,277202283;0,081554104;0,069320989
13;Dimanche;1;0,314615025;0,273520272;0,24008063;0,080054714;0,091729359
14;Dimanche;1;0,319951192;0,267982868;0,284858882;0,084804705;0,042402353
15;Dimanche;1;0,319951192;0,261198492;0,311996388;0,081412517;0,025441412
16;Dimanche;1;0,320997292;0,265455776;0,310597738;0,0816787;0,021270495
17;Dimanche;1;0,316113816;0,24465976;0,323599552;0,090490596;0,025136277
18;Dimanche;1;0,291189448;0,20684577;0,336025079;0,138926263;0,02701344
19;Dimanche;1;0,266288632;0,208920258;0,296813935;0,160925064;0,06705211
20;Dimanche;1;0,267201963;0,212469755;0,253324624;0,164309944;0,102693715
21;Dimanche;1;0,287753359;0,222709873;0,2523355;0,164744289;0,072456979
22;Dimanche;1;0,312763206;0,242066519;0,255330437;0,152535066;0,037304772
23;Dimanche;1;0,34134337;0,253329473;0,246091488;0,141140706;0,018094962
0;Semaine;2;0,394369345;0,235750884;0,247827041;0,114913366;0,007139363
1;Semaine;2;0,389702598;0,246734646;0,26121747;0,094884437;0,007460848
2;Semaine;2;0,40686512;0,269499597;0,234950692;0,08097683;0,007707761
3;Semaine;2;0,405385085;0,267249705;0,239745293;0,080004689;0,007615228
4;Semaine;2;0,416956974;0,25754943;0,244872599;0,076334587;0,00428641
5;Semaine;2;0,41916996;0,249798162;0,243342502;0,080068111;0,007621265
6;Semaine;2;0,410632318;0,227299082;0,274435219;0,077426084;0,010207297
7;Semaine;2;0,373971931;0,198911996;0,316873952;0,083763811;0,026478311
8;Semaine;2;0,328959167;0,185846687;0,348547632;0,105207914;0,0314386
9;Semaine;2;0,323604835;0,19597334;0,363711206;0,086859979;0,02985064
10;Semaine;2;0,324261212;0,204480999;0,376048755;0,076059511;0,019149523
11;Semaine;2;0,321760187;0,20725967;0,378535937;0,072972922;0,019471283
12;Semaine;2;0,319097372;0,216050562;0,351104174;0,067380072;0,04636782
13;Semaine;2;0,325405055;0,2245852;0,323088532;0,066008624;0,06091259
14;Semaine;2;0,328973934;0,218247217;0,355553079;0,068983427;0,028242344
15;Semaine;2;0,329120805;0,212883208;0,374991341;0,06661978;0,016384865
16;Semaine;2;0,336306444;0,219861523;0,361897586;0,067522325;0,014412122
17;Semaine;2;0,338828282;0,208445787;0,360633493;0,074639436;0,017453002
18;Semaine;2;0,321603612;0,18629198;0,359695085;0,112777656;0,019631666
19;Semaine;2;0,303563682;0,194549886;0,318870899;0,133298491;0,049717042
20;Semaine;2;0,308696908;0,201812236;0,272114245;0,139496441;0,07788017
21;Semaine;2;0,331272336;0,214283192;0,256634892;0,142013897;0,055795682
22;Semaine;2;0,357349147;0,231789256;0,243488832;0,138880855;0,02849191
23;Semaine;2;0,383760472;0,238087542;0,231190708;0,133827944;0,013133334
0;Samedi;2;0,365283025;0,24562542;0,258207392;0,119726566;0,011157598
1;Samedi;2;0,388254245;0,245817642;0,260246639;0,094531793;0,01114968
2;Samedi;2;0,405303131;0,268464965;0,234048696;0,080665953;0,011517255
3;Samedi;2;0,40384739;0,266235981;0,238835899;0,079701217;0,011379513
4;Samedi;2;0,416065261;0,256998629;0,244348909;0,076171336;0,006415865
5;Samedi;2;0,411520074;0,251438551;0,244940498;0,080593908;0,011506969
6;Samedi;2;0,40909105;0,237511;0,256494502;0,080904623;0,015998824
7;Samedi;2;0,372125479;0,212077692;0,284142506;0,089308016;0,042346307
8;Samedi;2;0,325709132;0,201486973;0,307615441;0,114061889;0,051126565
9;Samedi;2;0,32235778;0,218495761;0,312382135;0,096842444;0,04992188
10;Samedi;2;0,332828742;0,234863357;0,311955036;0,087360646;0,032992219
11;Samedi;2;0,329751902;0,237593437;0,315520147;0,083652972;0,033481542
12;Samedi;2;0,321645019;0,243597953;0,280365823;0,075971326;0,078419879
13;Samedi;2;0,326338715;0,251985669;0,245097297;0,074061992;0,102516327
14;Samedi;2;0,336542659;0,249536852;0,286609975;0,078873432;0,048437082
15;Samedi;2;0,338991103;0,245017719;0,311027991;0,076675971;0,028287216
16;Samedi;2;0,341959329;0,249811036;0,306946417;0,076720209;0,02456301
17;Samedi;2;0,338386614;0,23266657;0,316413014;0,083312317;0,029221484
18;Samedi;2;0,313582927;0,203394854;0,327739824;0,123131414;0,03215098
19;Samedi;2;0,28518855;0,20487343;0,291033392;0,140371807;0,078532821
20;Samedi;2;0,281787147;0,206716665;0,248950499;0,142886476;0,119659213
21;Samedi;2;0,302215312;0,219600887;0,246875178;0,145538143;0,085770479
22;Samedi;2;0,325971799;0,237834152;0,249838845;0,142502767;0,043852437
23;Samedi;2;0,354124635;0,246906469;0,23975417;0,138785023;0,020429703
0;Dimanche;2;0,357648064;0,249310461;0,262081196;0,121522786;0,009437493
1;Dimanche;2;0,389674011;0,245994387;0,260433759;0,094599762;0,00929808
2;Dimanche;2;0,40424908;0,269811686;0,235222772;0,081070604;0,009645859
3;Dimanche;2;0,400756361;0,26847051;0,240840458;0,080370153;0,009562518
4;Dimanche;2;0,41011311;0,260094551;0,247292447;0,07708893;0,005410961
5;Dimanche;2;0,406574453;0,254380671;0,247806583;0,081536949;0,009701345
6;Dimanche;2;0,398737314;0,245268526;0,258679239;0,08354711;0,013767812
7;Dimanche;2;0,359531603;0,222605939;0,28708046;0,093741565;0,037040433
8;Dimanche;2;0,314285732;0,21195463;0,308953091;0,119987636;0,044818911
9;Dimanche;2;0,313323475;0,23051529;0,310101371;0,102169781;0,043890083
10;Dimanche;2;0,324228428;0,248804928;0,305294699;0,092546404;0,02912554
11;Dimanche;2;0,320258327;0,251871763;0,309611731;0,088680149;0,02957803
12;Dimanche;2;0,314462753;0,259954859;0,274771847;0,081072583;0,069737958
13;Dimanche;2;0,321095481;0,27012506;0,237806016;0,079393404;0,091580039
14;Dimanche;2;0,326307401;0,26615564;0,280358238;0,084126287;0,043052434
15;Dimanche;2;0,327224608;0,260657397;0,305470392;0,08157026;0,025077343
16;Dimanche;2;0,328837846;0,264748717;0,303412524;0,081307765;0,021693148
17;Dimanche;2;0,324725373;0,245612925;0,316007384;0,087948096;0,025706222
18;Dimanche;2;0,302726374;0,212249203;0,328573917;0,12849167;0,027958836
19;Dimanche;2;0,277740664;0,213567978;0,294140992;0,146328994;0,068221371
20;Dimanche;2;0,277463911;0,215723013;0,253640748;0,149111834;0,104060494
21;Dimanche;2;0,297448941;0,226785412;0,251652228;0,15029961;0,073813809
22;Dimanche;2;0,320478699;0,242400863;0,25463606;0,145238997;0,037245382
23;Dimanche;2;0,345272665;0,2516169;0,244328152;0,141432735;0,017349547
0;Semaine;3;0,397360773;0,232992778;0,246507976;0,115976573;0,0071619
1;Semaine;3;0,395996399;0,248651962;0,252688519;0,095935524;0,006727596
2;Semaine;3;0,414967872;0,270122156;0,225752917;0,082180759;0,006976295
3;Semaine;3;0,41461072;0,265821588;0,231052844;0,081588804;0,006926044
4;Semaine;3;0,426952351;0,254405485;0,237181584;0,077084015;0,004376565
5;Semaine;3;0,429886692;0,247386719;0,234066963;0,081722253;0,006937373
6;Semaine;3;0,422893293;0,226397437;0,266973233;0,074819701;0,008916337
7;Semaine;3;0,387160493;0,200590299;0,307323313;0,078270877;0,026655017
8;Semaine;3;0,340578722;0,185771611;0,34465778;0,097059358;0,031932529
9;Semaine;3;0,331820571;0,194014553;0,361918909;0,082790693;0,029455275
10;Semaine;3;0,330269012;0,201029904;0,37532956;0,074476003;0,018895521
11;Semaine;3;0,327864015;0,202776928;0,377923114;0,071712683;0,01972326
12;Semaine;3;0,325115867;0,211171678;0,350690994;0,066605151;0,04641631
13;Semaine;3;0,330707739;0,220583128;0,323055858;0,065126295;0,06052698
14;Semaine;3;0,334146553;0,215715876;0,35347548;0,068096554;0,028565537
15;Semaine;3;0,335410088;0,211204812;0,370968207;0,066376021;0,016040872
16;Semaine;3;0,343419945;0,218041968;0,357079118;0,066828447;0,014630522
17;Semaine;3;0,346668778;0,208312662;0,355250047;0,071986891;0,017781622
18;Semaine;3;0,333500263;0,19033524;0,353812789;0,102115183;0,020236525
19;Semaine;3;0,316215357;0,198195862;0,317184737;0,118007707;0,050396337
20;Semaine;3;0,320449926;0,20435745;0,273023742;0,123471659;0,078697224
21;Semaine;3;0,342546949;0,217839717;0,255998548;0,126868278;0,056746509
22;Semaine;3;0,365991034;0,23183513;0,242474649;0,13129167;0,028407517
23;Semaine;3;0,387514165;0,23639018;0,229444118;0,134103813;0,012547725
0;Samedi;3;0,367993549;0,242903394;0,256993477;0,120909771;0,011199809
1;Samedi;3;0,394668812;0,247818351;0,251841376;0,095613898;0,010057563
2;Samedi;3;0,413525434;0,269183205;0,224968195;0,081895097;0,010428068
3;Samedi;3;0,413179869;0,264904218;0,230255464;0,081307235;0,010353213
4;Samedi;3;0,426020099;0,253849989;0,236663697;0,076915702;0,006550513
5;Samedi;3;0,422262402;0,249179037;0,235762779;0,082314331;0,010481451
6;Samedi;3;0,422234598;0,237183043;0,248186567;0,078384122;0,01401167
7;Samedi;3;0,38634373;0,214598951;0,272545436;0,083737091;0,042774791
8;Samedi;3;0,338366658;0,202283962;0,301506591;0,105686501;0,052156288
9;Samedi;3;0,331776019;0,217375683;0,308585908;0,092759451;0,049502939
10;Samedi;3;0,340172739;0,231926956;0,309278334;0,085922504;0,032699468
11;Samedi;3;0,337033773;0,233296734;0,313125696;0,082506106;0,03403769
12;Samedi;3;0,328715286;0,238961456;0,278166092;0,075370259;0,078786908
13;Samedi;3;0,332661837;0,248436248;0,243297477;0,073349818;0,102254619
14;Samedi;3;0,342729994;0,247477952;0,282511638;0,078123112;0,049157304
15;Samedi;3;0,34667759;0,244074419;0,304735984;0,076706059;0,027805947
16;Samedi;3;0,35027009;0,248648842;0,299845468;0,076209255;0,025026344
17;Samedi;3;0,347190988;0,233350459;0,308941034;0,080639236;0,029878283
18;Samedi;3;0,326292544;0,208636552;0,319863544;0,111933868;0,033273492
19;Samedi;3;0,29789862;0,209410507;0,28813394;0,124685014;0,079871919
20;Samedi;3;0,293034039;0,209813509;0,249186776;0,12676818;0,121197496
21;Samedi;3;0,312819542;0,223599833;0,245987197;0,130222928;0,087370499
22;Samedi;3;0,334022919;0,238188602;0,249119699;0,134889736;0,043779043
23;Samedi;3;0,357619848;0,245414108;0,238202888;0,139223075;0,019540081
0;Dimanche;3;0,360550519;0,246492041;0,26079029;0,122696088;0,009471063
1;Dimanche;3;0,395919386;0,247993108;0,25201897;0,095681323;0,008387213
2;Dimanche;3;0,412296564;0,270549008;0,226109656;0,082310623;0,008734149
3;Dimanche;3;0,410403933;0,26694228;0,232026953;0,081932779;0,008694055
4;Dimanche;3;0,420448991;0,256802341;0,239416167;0,077810254;0,005522248
5;Dimanche;3;0,417193877;0,252127458;0,238552452;0,083288319;0,008837895
6;Dimanche;3;0,412358525;0,244872467;0,249788753;0,080925319;0,012054937
7;Dimanche;3;0,374516852;0,225447385;0,27461796;0,087970179;0,037447623
8;Dimanche;3;0,328174533;0,212900992;0,301946144;0,111233538;0,045744793
9;Dimanche;3;0,324023373;0,22931777;0,305284672;0,097855428;0,043518758
10;Dimanche;3;0,332488721;0,245789576;0,301785181;0,09105822;0,028878303
11;Dimanche;3;0,327615168;0,247739038;0,306911453;0,087613672;0,03012067
12;Dimanche;3;0,321632842;0,255425089;0,272199841;0,080563014;0,070179215
13;Dimanche;3;0,3279338;0,266542359;0,235405794;0,078695575;0,091422473
14;Dimanche;3;0,333004734;0,264230349;0,275616054;0,08341146;0,043737403
15;Dimanche;3;0,334932743;0,260083962;0,298554349;0,08173743;0,024691515
16;Dimanche;3;0,337175393;0,26399684;0,295771858;0,080913317;0,022142592
17;Dimanche;3;0,333934894;0,246632275;0,307888037;0,085229051;0,026315743
18;Dimanche;3;0,315376075;0,218173815;0,320404067;0,117050626;0,028995418
19;Dimanche;3;0,29038333;0,218698907;0,29119015;0,130215416;0,069512198
20;Dimanche;3;0,288688129;0,219281331;0,253986515;0,132488587;0,105555438
21;Dimanche;3;0,307953446;0,231200982;0,250911949;0,134649782;0,075283841
22;Dimanche;3;0,328687276;0,242756574;0,253897307;0,137476646;0,037182197
23;Dimanche;3;0,349343779;0,249842516;0,242501172;0,141735304;0,016577229
0;Semaine;4;0,400436802;0,230156669;0,245151606;0,117069849;0,007185074
1;Semaine;4;0,402572689;0,250655333;0,243776757;0,097033788;0,005961433
2;Semaine;4;0,423499459;0,270777664;0,216068354;0,083448406;0,006206117
3;Semaine;4;0,424422043;0,264302806;0,221808556;0,083273487;0,006193108
4;Semaine;4;0,437608824;0,251053599;0,228981884;0,07788301;0,004472682
5;Semaine;4;0,4413036;0,244817725;0,224185408;0,083484468;0,006208799
6;Semaine;4;0,436125642;0,225424358;0,258920071;0,072006827;0,007523101
7;Semaine;4;0,401552734;0,202421776;0,296901018;0,07227662;0,026847851
8;Semaine;4;0,35330745;0,185689369;0,340396613;0,088132961;0,032473606
9;Semaine;4;0,340641487;0,191911478;0,35999459;0,078421658;0,029030786
10;Semaine;4;0,336608295;0,197388394;0,374570683;0,072805124;0,018627504
11;Semaine;4;0,334265888;0,198075296;0,377280366;0,070390907;0,019987542
12;Semaine;4;0,331426856;0,206055683;0,350257734;0,06579257;0,046467157
13;Semaine;4;0,336258594;0,216393756;0,323021654;0,064202672;0,060123323
14;Semaine;4;0,339555342;0,21306896;0,351303024;0,067169188;0,028903486
15;Semaine;4;0,342008908;0,20944381;0,366747069;0,066120265;0,015679949
16;Semaine;4;0,350914265;0,216125003;0,352002696;0,066097423;0,014860613
17;Semaine;4;0,354990654;0,208171363;0,349536076;0,069171488;0,018130419
18;Semaine;4;0,346437304;0,194732094;0,347416072;0,09052025;0,02089428
19;Semaine;4;0,330102548;0,20219789;0,315333909;0,101223682;0,051141971
20;Semaine;4;0,333256198;0,207130755;0,274014743;0,106010804;0,0795875
21;Semaine;4;0,35473131;0,221683218;0,255310857;0,110500558;0,057774057
22;Semaine;4;0,375179345;0,231883904;0,241396339;0,123222624;0,028317788
23;Semaine;4;0,391405211;0,234630708;0,227633617;0,134389777;0,011940688
0;Samedi;4;0,370784263;0,240100839;0,255743649;0,12212798;0,01124327
1;Samedi;4;0,4013763;0,249910421;0,243052287;0,096745417;0,008915575
2;Samedi;4;0,422189381;0,269940024;0,215399956;0,083190261;0,009280378
3;Samedi;4;0,423111854;0,263486905;0,221123834;0,083016422;0,009260985
4;Samedi;4;0,436632365;0,25049341;0,228470945;0,077709226;0,006694053
5;Samedi;4;0,433722514;0,246768545;0,22597182;0,084149711;0,009387411
6;Samedi;4;0,436496231;0,236827188;0,239171899;0,075649209;0,011855473
7;Samedi;4;0,401971092;0,217370082;0,259799031;0,077614055;0,04324574
8;Samedi;4;0,352359766;0,203165047;0,294753155;0,096427368;0,053294665
9;Samedi;4;0,341991688;0,216160769;0,304468259;0,088330756;0,049048528
10;Samedi;4;0,347993147;0,228800068;0,306427992;0,084391068;0,032387726
11;Samedi;4;0,344728118;0,22875665;0,310595613;0,081294278;0,034625341
12;Samedi;4;0,336184519;0,234063328;0,275842232;0,074735274;0,079174647
13;Samedi;4;0,3393326;0,244691683;0,241398705;0,072598489;0,101978523
14;Samedi;4;0,349244814;0,245310077;0,278196384;0,07733308;0,049915645
15;Samedi;4;0,354809868;0,243076412;0,298079062;0,076737893;0,027296765
16;Samedi;4;0,359091716;0,247415208;0,292308022;0,075666893;0,02551816
17;Samedi;4;0,356605154;0,234081714;0,300951544;0,077781017;0,030580571
18;Samedi;4;0,340228995;0,214384221;0,311226982;0,099655444;0,034504358
19;Samedi;4;0,311948088;0,214425705;0,284928941;0,107345132;0,081352134
20;Samedi;4;0,3053489;0,213204419;0,24944549;0,109119343;0,122881848
21;Samedi;4;0,32431732;0,227935744;0,245024392;0,113617202;0,089105342
22;Samedi;4;0,342605963;0,23856647;0,248353041;0,126773726;0,0437008
23;Samedi;4;0,361251028;0,243863694;0,23659126;0,139678168;0,018615851
0;Dimanche;4;0,363537475;0,243591566;0,259461801;0,123903549;0,009505609
1;Dimanche;4;0,402449771;0,250083041;0,243220169;0,096812242;0,007434778
2;Dimanche;4;0,420777297;0,271326025;0,216505922;0,0836174;0,007773357
3;Dimanche;4;0,420656562;0,265318205;0,2226607;0,083593407;0,007771126
4;Dimanche;4;0,431458108;0,253295689;0,231026858;0,078578562;0,005640783
5;Dimanche;4;0,428525913;0,249723044;0,228677325;0,085157214;0,007916503
6;Dimanche;4;0,427131236;0,244442926;0,240146689;0,078081888;0,010197262
7;Dimanche;4;0,391017188;0,228576116;0,260895438;0,081615276;0,037895982
8;Dimanche;4;0,343545246;0,21394833;0,294191567;0,101545392;0,046769464
9;Dimanche;4;0,335627549;0,228019044;0,3000609;0,093176457;0,043116051
10;Dimanche;4;0,341291918;0,242576041;0,298045001;0,089472225;0,028614816
11;Dimanche;4;0,33541607;0,243356861;0,304048185;0,086482821;0,030696063
12;Dimanche;4;0,329233108;0,25062355;0,269473524;0,080022872;0,070646946
13;Dimanche;4;0,335160465;0,262756196;0,232869263;0,077958117;0,091255959
14;Dimanche;4;0,340071409;0,262198883;0,270612349;0,082657212;0,044460147
15;Dimanche;4;0,343115772;0,259475198;0,291212212;0,0819149;0,024281917
16;Dimanche;4;0,346058733;0,263195743;0,287631017;0,080493048;0,022621458
17;Dimanche;4;0,3438069;0,247724952;0,299184626;0,082314413;0,02696911
18;Dimanche;4;0,329307704;0,224698831;0,311406278;0,104450139;0,030137047
19;Dimanche;4;0,304412489;0,224392534;0,287915696;0,112334695;0,070944586
20;Dimanche;4;0,301016625;0,22318973;0,254366301;0,114229886;0,107197459
21;Dimanche;4;0,319372515;0,23600099;0,250107218;0,117637416;0,076881861
22;Dimanche;4;0,337437768;0,243135769;0,253109782;0,129201841;0,03711484
23;Dimanche;4;0,353564529;0,248002913;0,24060704;0,142048994;0,015776522
0;Semaine;5;0,403601071;0,227239201;0,243756326;0,118194488;0,007208913
1;Semaine;5;0,409450924;0,252750689;0,234455817;0,098182478;0,005160092
2;Semaine;5;0,432494851;0,271468807;0,205857307;0,084784965;0,00539407
3;Semaine;5;0,434876657;0,262684444;0,211958154;0,085068628;0,005412116
4;Semaine;5;0,448994224;0,247472436;0,220221307;0,078736659;0,004575374
5;Semaine;5;0,453491619;0,242075218;0,213636441;0,085365705;0,005431017
6;Semaine;5;0,450449564;0,224371008;0,250202583;0,068961912;0,006014934
7;Semaine;5;0,417321315;0,204428399;0,285482032;0,065709128;0,027059126
8;Semaine;5;0,36731213;0,185598884;0,335708299;0,078311765;0,033068923
9;Semaine;5;0,350137009;0,189647565;0,357923103;0,073718489;0,028573833
10;Semaine;5;0,343307274;0,193540262;0,373768746;0,071039439;0,018344279
11;Semaine;5;0,340988185;0,193138341;0,376605449;0,069002975;0,020265051
12;Semaine;5;0,338052194;0,200684862;0,349802893;0,064939515;0,046520536
13;Semaine;5;0,34207546;0,21200362;0,322985812;0,063234787;0,059700322
14;Semaine;5;0,345216854;0,210298368;0,34902906;0,066198493;0,029257226
15;Semaine;5;0,34894069;0,207593952;0,36231294;0,065851604;0,015300814
16;Semaine;5;0,358820825;0,214102593;0,346647035;0,065326186;0,015103361
17;Semaine;5;0,363839648;0,208021114;0,343460175;0,066177755;0,018501308
18;Semaine;5;0,360557455;0,199531045;0,340434366;0,077864946;0,021612188
19;Semaine;5;0,345415529;0,206610805;0,313293058;0,082716449;0,051964158
20;Semaine;5;0,34726395;0,210164251;0,27509872;0,086911778;0,0805613
21;Semaine;5;0,367940161;0,225849889;0,254565343;0,092756603;0,058888004
22;Semaine;5;0,384967599;0,231935863;0,240247622;0,114626716;0,028222201
23;Semaine;5;0,395441291;0,232805654;0,225755632;0,134686399;0,011311023
0;Samedi;5;0,373658777;0,237214127;0,25445629;0,123382771;0,011288035
1;Samedi;5;0,408397241;0,252100258;0,233852467;0,097929815;0,007720219
2;Samedi;5;0,431331535;0,270738616;0,205303596;0,084556912;0,008069341
3;Samedi;5;0,433703031;0,261975523;0,211386131;0,084839048;0,008096265
4;Samedi;5;0,44796941;0,246907589;0,219718659;0,078556945;0,006847397
5;Samedi;5;0,445974838;0,244191421;0,215504034;0,086111966;0,008217741
6;Samedi;5;0,452024956;0,236439716;0,229356312;0,072671309;0,009507707
7;Samedi;5;0,419227962;0,220430167;0,245723522;0,070852554;0,043765796
8;Samedi;5;0,367911617;0,204144279;0,287247428;0,086136827;0,054559849
9;Samedi;5;0,353110542;0,214838443;0,299986561;0,083510513;0,048553941
10;Samedi;5;0,356337876;0,225463537;0,303386548;0,082756957;0,032055083
11;Samedi;5;0,352871003;0,223951903;0,30791804;0,080011807;0,035247248
12;Samedi;5;0,344087465;0,228880781;0,273383434;0,074063418;0,079584902
13;Samedi;5;0,346380483;0,240735425;0,239392588;0,071804686;0,101686819
14;Samedi;5;0,356113825;0,243024342;0,273646522;0,076500095;0,050715216
15;Samedi;5;0,363427875;0,242018795;0,291024532;0,076771628;0,02675717
16;Samedi;5;0,368472805;0,246103337;0,284292556;0,075090135;0,026041167
17;Samedi;5;0,366694735;0,234865432;0,292388852;0,074717737;0,031333245
18;Samedi;5;0,355578925;0,220714836;0,301714473;0,086131704;0,035860062
19;Samedi;5;0,327560451;0,219998805;0,28136741;0,088076323;0,08299701
20;Samedi;5;0,318891428;0,216933369;0,249729995;0,089711094;0,124734113
21;Samedi;5;0,336826553;0,232653083;0,243976889;0,095550676;0,090992799
22;Samedi;5;0,351775447;0,238970157;0,247534;0,118103185;0,043617211
23;Samedi;5;0,365026267;0,24225177;0,234915693;0,140151315;0,017654954
0;Dimanche;5;0,366612677;0,240605401;0,258094063;0,125146682;0,009541176
1;Dimanche;5;0,40928513;0,252270576;0,234010456;0,097995975;0,006437863
2;Dimanche;5;0,429727235;0,272146031;0,206370852;0,084996475;0,006759407
3;Dimanche;5;0,431573013;0,263588977;0,212688015;0,085361555;0,006788441
4;Dimanche;5;0,443208454;0,249552939;0,222072709;0,079398599;0,005767299
5;Dimanche;5;0,440644782;0,247151681;0,218116526;0,087155875;0,006931135
6;Dimanche;5;0,443207907;0,24397547;0,229653538;0,074987473;0,008175612
7;Dimanche;5;0,409274617;0,232038021;0,245711626;0,07458365;0,038392086
8;Dimanche;5;0,360648416;0,215113715;0,285562959;0,090765281;0,047909628
9;Dimanche;5;0,348255696;0,226605716;0,294376174;0,088084606;0,042677808
10;Dimanche;5;0,35069336;0,239144121;0,294050647;0,087778449;0,028333423
11;Dimanche;5;0,34370249;0,238701944;0,301006712;0,085281587;0,031307268
12;Dimanche;5;0,337303464;0,245525028;0,26657858;0,079449321;0,071143607
13;Dimanche;5;0,342809524;0,258748735;0,230184474;0,077177555;0,091079712
14;Dimanche;5;0,347538845;0,260052209;0,265324879;0,081860189;0,045223878
15;Dimanche;5;0,351818976;0,258827737;0,283403355;0,082103651;0,023846281
16;Dimanche;5;0,355543275;0,262340431;0,278939227;0,080044336;0,023132732
17;Dimanche;5;0,354415542;0,248899163;0,289831777;0,079182288;0,02767123
18;Dimanche;5;0,34472653;0,231920389;0,301447979;0,090504556;0,031400546
19;Dimanche;5;0,320069456;0,230746793;0,284261306;0,09237927;0,072543174
20;Dimanche;5;0,314620793;0,227502544;0,254785383;0,094081894;0,109009386
21;Dimanche;5;0,331831023;0,241237926;0,249229235;0,099076473;0,078625343
22;Dimanche;5;0,346785669;0,243540852;0,252268492;0,120362102;0,037042885
23;Dimanche;5;0,357943322;0,246094428;0,238641985;0,14237443;0,014945835
0;Semaine;6;0,406857434;0,224236824;0,242320438;0,119351858;0,007233446
1;Semaine;6;0,41665239;0,254944511;0,224696857;0,099385148;0,004321093
2;Semaine;6;0,441992925;0,272198573;0,195075644;0,086196215;0,004536643
3;Semaine;6;0,446039973;0,260956376;0,20144001;0,086985459;0,004578182
4;Semaine;6;0,461185989;0,24363764;0,210840265;0,079650767;0,004685339
5;Semaine;6;0,466531605;0,239141005;0,202350081;0,087378444;0,004598865
6;Semaine;6;0,466005939;0,223227026;0,240735028;0,065655008;0,004377001
7;Semaine;6;0,434673583;0,206636553;0,272916202;0,058482043;0,02729162
8;Semaine;6;0,38279474;0,185498849;0,330525221;0,067454127;0,033727063
9;Semaine;6;0,360387602;0,187203629;0,355686894;0,06864133;0,028080544
10;Semaine;6;0,350397456;0,189467409;0,372919979;0,069170641;0,018044515
11;Semaine;6;0,348055577;0,187947942;0,375895883;0,067543792;0,020556806
12;Semaine;6;0,345015966;0,19503969;0,349324818;0,064042883;0,046576642
13;Semaine;6;0,348177926;0,207397933;0,322948209;0,06221938;0,059256552
14;Semaine;6;0,351149223;0,207395226;0,346646306;0,065181357;0,029627889
15;Semaine;6;0,35623129;0,205648338;0,357649283;0,065569035;0,014902053
16;Semaine;6;0,367174601;0,211965789;0,340988443;0,064511327;0,01535984
17;Semaine;6;0,373267478;0,207861038;0,336986834;0,062988193;0,018896458
18;Semaine;6;0,376030786;0,204789896;0,332783581;0,063996842;0,022398895
19;Semaine;6;0,362385761;0,211501309;0,311031336;0,062206267;0,052875327
20;Semaine;6;0,362650586;0,213496356;0,276289401;0,065932698;0,081630959
21;Semaine;6;0,382308382;0,230382279;0,253754394;0,073455219;0,060099725
22;Semaine;6;0,395416538;0,231991329;0,239021369;0,105450604;0,028120161
23;Semaine;6;0,399630667;0,230911282;0,223806319;0,134994288;0,010657444
0;Samedi;6;0,376620925;0,23423941;0,253129685;0,124675815;0,011334165
1;Samedi;6;0,415754134;0,254394879;0,224212436;0,099170885;0,006467666
2;Samedi;6;0,440992612;0,271582537;0,194634151;0,086001137;0,006789563
3;Samedi;6;0,445021279;0,260360388;0,200979948;0,086786796;0,006851589
4;Samedi;6;0,460108108;0,243068211;0,21034749;0,079464607;0,007011583
5;Samedi;6;0,459104461;0,241429769;0,204286727;0,088214723;0,00696432
6;Samedi;6;0,468997487;0,236016219;0,218628106;0,069416535;0,006941653
7;Samedi;6;0,438383228;0,223826885;0,230099593;0,063347232;0,044343062
8;Samedi;6;0,385298025;0,205239025;0,278856297;0,074632373;0,05597428
9;Samedi;6;0,365257898;0,2133938;0,295090303;0,078244393;0,048013605
10;Samedi;6;0,365261487;0,221895548;0,300134116;0,081009486;0,031699364
11;Samedi;6;0,361502828;0,218858654;0,305079691;0,078652329;0,035906498
12;Samedi;6;0,352463033;0,223388302;0,270777591;0,073351383;0,08001969
13;Samedi;6;0,353838395;0,236549001;0,23726976;0,0709647;0,101378143
14;Samedi;6;0,363366717;0,240610866;0,268842387;0,075620558;0,051559471
15;Samedi;6;0,37257647;0,240896063;0,283535673;0,07680744;0,026184355
16;Samedi;6;0,378468319;0,244705544;0,275752107;0,0744756;0,026598429
17;Samedi;6;0,377535121;0,23570747;0,283188975;0,071426506;0,032141928
18;Samedi;6;0,372568862;0,227721823;0,291185634;0,07116307;0,037360612
19;Samedi;6;0,34501186;0,226228384;0,277386352;0,06653776;0,084835644
20;Samedi;6;0,333854833;0,221053559;0,250044351;0,06826654;0,126780718
21;Samedi;6;0,350486847;0,237804497;0,242832998;0,075821724;0,093053934
22;Samedi;6;0,361593599;0,2394024;0,246657018;0,108819273;0,043527709
23;Samedi;6;0,368954312;0,240574603;0,233172307;0,140643614;0,016655165
0;Dimanche;6;0,369780093;0,237529691;0,256685311;0,126427094;0,00957781
1;Dimanche;6;0,41644734;0,254562713;0,224360357;0,099236312;0,005393278
2;Dimanche;6;0,439186422;0,273012695;0,195659098;0,08645402;0,005687764
3;Dimanche;6;0,443219911;0,261744042;0,202048032;0,087248014;0,005740001
4;Dimanche;6;0,455777494;0,245549417;0,212494688;0,080275771;0,00590263
5;Dimanche;6;0,453635381;0,244395356;0,206796071;0,089298303;0,005874888
6;Dimanche;6;0,460769159;0,243464848;0,21819141;0,071607308;0,005967276
7;Dimanche;6;0,429585591;0,235889311;0,228819982;0,066761126;0,03894399
8;Dimanche;6;0,379794437;0,216418297;0,275903727;0,078697563;0,049185977
9;Dimanche;6;0,362049605;0,225061918;0,288166664;0,082522703;0,04219911
10;Dimanche;6;0,360756174;0,235470773;0,289775298;0,08596552;0,028032235
11;Dimanche;6;0,35252121;0,233748005;0,297769861;0,084003189;0,031957735
12;Dimanche;6;0,345888914;0,24010109;0,263498865;0,078839164;0,071671967
13;Dimanche;6;0,350919127;0,254499988;0,227338036;0,076349996;0,090892853
14;Dimanche;6;0,355442128;0,257780242;0,259728797;0,081016647;0,046032186
15;Dimanche;6;0,361093583;0,258137766;0,275081812;0,082304795;0,023382044
16;Dimanche;6;0,365692186;0,261425205;0,269638596;0,079564193;0,023679819
17;Dimanche;6;0,365846466;0,250164388;0,279753985;0,07580739;0,028427771
18;Dimanche;6;0,361884115;0,239956313;0,290366697;0,074986348;0,032806527
19;Dimanche;6;0,33765499;0,237883748;0,280156782;0,069965808;0,074338671
20;Dimanche;6;0,329709435;0,232285968;0,255250196;0,071735372;0,111019029
21;Dimanche;6;0,345477663;0,246974293;0,248267522;0,078745427;0,080535095
22;Dimanche;6;0,356794322;0,243974567;0,251367736;0,110897531;0,036965844
23;Dimanche;6;0,362489203;0,244113118;0,236601945;0,142712285;0,014083449
0;Semaine;7;0,41020997;0,221145774;0,240842143;0,120543409;0,007258703
1;Semaine;7;0,424200418;0,257243909;0,214468259;0,100645696;0,003441719
2;Semaine;7;0,452037029;0,272970292;0,183674159;0,087688595;0,003629924
3;Semaine;7;0,457986583;0,259107055;0,190183841;0,089036787;0,003685733
4;Semaine;7;0,474272931;0,239521274;0,200770424;0,080631993;0,004803378
5;Semaine;7;0,480516121;0,235994256;0,190246211;0,089536973;0,003706439
6;Semaine;7;0,482960981;0,221980188;0,230416249;0,062050781;0,002591802
7;Semaine;7;0,453860732;0,209078203;0,259021622;0,050490744;0,027548699
8;Semaine;7;0,400002266;0,185387669;0,324764697;0,055386841;0,034458527
9;Semaine;7;0,371487058;0,184557307;0,353265503;0,063143727;0,027546406
10;Semaine;7;0,357914141;0,185149557;0,372020155;0,067189428;0,017726719
11;Semaine;7;0,35549534;0,182484068;0,375148932;0,066007726;0,020863934
12;Semaine;7;0,352344784;0,189098594;0,348821682;0,06309925;0,04663569
13;Semaine;7;0,354587557;0,20256042;0,322908714;0,061152863;0,058790445
14;Semaine;7;0,357372364;0,204349787;0,344146762;0,064114366;0,030016721
15;Semaine;7;0,363909308;0,203599335;0,352737802;0,065271451;0,014482103
16;Semaine;7;0,376014642;0,209704604;0,33500047;0,063649036;0,015631248
17;Semaine;7;0,383332861;0,207690135;0,330075735;0,059582939;0,01931833
18;Semaine;7;0,393061608;0,210578084;0,324362695;0,048732825;0,023264789
19;Semaine;7;0,381297669;0,216951367;0,308510835;0,039349381;0,053890749
20;Semaine;7;0,379630246;0,217173443;0,277603357;0,042781591;0,082811364
21;Semaine;7;0,397995623;0,235330747;0,252868999;0,052381947;0,061422683
22;Semaine;7;0,406595389;0,232050669;0,237709456;0,095633493;0,028010994
23;Semaine;7;0,403982242;0,228943566;0,221781535;0,135314097;0,00997856
0;Samedi;7;0,379674775;0,231172601;0,25176201;0,12600889;0,011381723
1;Samedi;7;0,423471682;0,256801989;0,214099823;0,100472796;0,00515371
2;Samedi;7;0,451218086;0,272475759;0,183341402;0,087529732;0,005435022
3;Samedi;7;0,457144127;0,258630434;0,189834003;0,088873006;0,00551843
4;Samedi;7;0,473136604;0,238947397;0,200289391;0,080438804;0,007187805
5;Samedi;7;0,473209105;0,238463032;0,192236409;0,090473634;0,005617819
6;Samedi;7;0,487625001;0,235551426;0,206853798;0,065844389;0,004125386
7;Samedi;7;0,459768383;0,22761902;0,212656862;0,054968206;0,044987529
8;Samedi;7;0,404863953;0,206471007;0,269413273;0,061685747;0,05756602
9;Samedi;7;0,378583383;0,211809047;0,289719175;0,072467532;0,047420863
10;Samedi;7;0,374826379;0,21807115;0,296647953;0,079136435;0,031318082
11;Samedi;7;0,370668993;0,213450115;0,302065639;0,077208695;0,036606558
12;Samedi;7;0,361354924;0,217557232;0,268011108;0,072595453;0,080481282
13;Samedi;7;0,361743191;0,232111724;0,235019731;0,070074382;0,101050972
14;Samedi;7;0,371036598;0,238058633;0,263762049;0,074690454;0,052452265
15;Samedi;7;0,382306208;0,239702012;0,275571101;0,076845527;0,025575152
16;Samedi;7;0,389140668;0,243213102;0,266633352;0,073819454;0,027193425
17;Samedi;7;0,389213358;0,236614589;0,273278043;0,067880897;0,033013114
18;Samedi;7;0,391476468;0,235519694;0,279468397;0,054504912;0,039030529
19;Samedi;7;0,364647592;0,233237695;0,272907001;0,0423033;0,086904412
20;Samedi;7;0,350475111;0,225629971;0,250393514;0,044447465;0,129053939
21;Samedi;7;0,365464741;0,24345279;0,241578773;0,054189821;0,095313875
22;Samedi;7;0,372131777;0,239866343;0,245715723;0,098854514;0,043431643
23;Samedi;7;0,37304463;0,238828148;0,231356899;0,14115625;0,015614072
0;Dimanche;7;0,373043936;0,234360347;0,255233673;0,127746485;0,009615559
1;Dimanche;7;0,423960418;0,256967139;0,214237512;0,100537411;0,00429752
2;Dimanche;7;0,449199597;0,273930117;0,184319999;0,087996928;0,00455336
3;Dimanche;7;0,455673109;0,259771384;0,190671457;0,08926507;0,004618979
4;Dimanche;7;0,469253881;0,241256884;0,202225239;0,081216265;0,006047731
5;Dimanche;7;0,467595276;0,241433368;0,194630938;0,091600589;0,004739829
6;Dimanche;7;0,480030582;0,24290479;0,20561959;0,067899897;0,003545142
7;Dimanche;7;0,45231722;0,240199597;0,209915197;0,058006316;0,03956167
8;Dimanche;7;0,40137256;0,217888599;0,265017491;0,065096892;0,050624458
9;Dimanche;7;0,377178513;0,223368708;0,281356188;0,07642251;0,041674082
10;Dimanche;7;0,371552695;0,231529591;0,285188223;0,084020405;0,027709086
11;Dimanche;7;0,361925223;0,228465276;0,294318183;0,082639945;0,032651373
12;Dimanche;7;0,355040398;0,234319555;0,260216105;0,078188779;0,072235162
13;Dimanche;7;0,359532156;0,249987488;0,224314897;0,075471064;0,090694395
14;Dimanche;7;0,363820562;0,255371682;0,253796275;0,080122391;0,04688909
15;Dimanche;7;0,370997774;0,257400959;0,26619538;0,082519593;0,022886293
16;Dimanche;7;0,376577807;0,260443544;0,259662833;0,079049196;0,02426662
17;Dimanche;7;0,378199128;0,251531635;0,268863564;0,072160356;0,029245317
18;Dimanche;7;0,381092151;0,248952586;0,277961124;0,057613606;0,034380533
19;Dimanche;7;0,35754881;0,245957502;0,275513496;0,044610345;0,076369846
20;Dimanche;7;0,346539548;0,237621475;0,255768656;0,046809704;0,113260616
21;Dimanche;7;0,360490907;0,253285112;0,247209501;0,056378384;0,082636095
22;Dimanche;7;0,36753635;0,244440064;0,250400978;0,100739451;0,036883157
23;Dimanche;7;0,367211921;0,242054734;0,234482547;0,143063281;0,013187516
0;Semaine;8;0,406857434;0,224236824;0,242320438;0,119351858;0,007233446
1;Semaine;8;0,41665239;0,254944511;0,224696857;0,099385148;0,004321093
2;Semaine;8;0,441992925;0,272198573;0,195075644;0,086196215;0,004536643
3;Semaine;8;0,446039973;0,260956376;0,20144001;0,086985459;0,004578182
4;Semaine;8;0,461185989;0,24363764;0,210840265;0,079650767;0,004685339
5;Semaine;8;0,466531605;0,239141005;0,202350081;0,087378444;0,004598865
6;Semaine;8;0,466005939;0,223227026;0,240735028;0,065655008;0,004377001
7;Semaine;8;0,434673583;0,206636553;0,272916202;0,058482043;0,02729162
8;Semaine;8;0,38279474;0,185498849;0,330525221;0,067454127;0,033727063
9;Semaine;8;0,360387602;0,187203629;0,355686894;0,06864133;0,028080544
10;Semaine;8;0,350397456;0,189467409;0,372919979;0,069170641;0,018044515
11;Semaine;8;0,348055577;0,187947942;0,375895883;0,067543792;0,020556806
12;Semaine;8;0,345015966;0,19503969;0,349324818;0,064042883;0,046576642
13;Semaine;8;0,348177926;0,207397933;0,322948209;0,06221938;0,059256552
14;Semaine;8;0,351149223;0,207395226;0,346646306;0,065181357;0,029627889
15;Semaine;8;0,35623129;0,205648338;0,357649283;0,065569035;0,014902053
16;Semaine;8;0,367174601;0,211965789;0,340988443;0,064511327;0,01535984
17;Semaine;8;0,373267478;0,207861038;0,336986834;0,062988193;0,018896458
18;Semaine;8;0,376030786;0,204789896;0,332783581;0,063996842;0,022398895
19;Semaine;8;0,362385761;0,211501309;0,311031336;0,062206267;0,052875327
20;Semaine;8;0,362650586;0,213496356;0,276289401;0,065932698;0,081630959
21;Semaine;8;0,382308382;0,230382279;0,253754394;0,073455219;0,060099725
22;Semaine;8;0,395416538;0,231991329;0,239021369;0,105450604;0,028120161
23;Semaine;8;0,399630667;0,230911282;0,223806319;0,134994288;0,010657444
0;Samedi;8;0,376620925;0,23423941;0,253129685;0,124675815;0,011334165
1;Samedi;8;0,415754134;0,254394879;0,224212436;0,099170885;0,006467666
2;Samedi;8;0,440992612;0,271582537;0,194634151;0,086001137;0,006789563
3;Samedi;8;0,445021279;0,260360388;0,200979948;0,086786796;0,006851589
4;Samedi;8;0,460108108;0,243068211;0,21034749;0,079464607;0,007011583
5;Samedi;8;0,459104461;0,241429769;0,204286727;0,088214723;0,00696432
6;Samedi;8;0,468997487;0,236016219;0,218628106;0,069416535;0,006941653
7;Samedi;8;0,438383228;0,223826885;0,230099593;0,063347232;0,044343062
8;Samedi;8;0,385298025;0,205239025;0,278856297;0,074632373;0,05597428
9;Samedi;8;0,365257898;0,2133938;0,295090303;0,078244393;0,048013605
10;Samedi;8;0,365261487;0,221895548;0,300134116;0,081009486;0,031699364
11;Samedi;8;0,361502828;0,218858654;0,305079691;0,078652329;0,035906498
12;Samedi;8;0,352463033;0,223388302;0,270777591;0,073351383;0,08001969
13;Samedi;8;0,353838395;0,236549001;0,23726976;0,0709647;0,101378143
14;Samedi;8;0,363366717;0,240610866;0,268842387;0,075620558;0,051559471
15;Samedi;8;0,37257647;0,240896063;0,283535673;0,07680744;0,026184355
16;Samedi;8;0,378468319;0,244705544;0,275752107;0,0744756;0,026598429
17;Samedi;8;0,377535121;0,23570747;0,283188975;0,071426506;0,032141928
18;Samedi;8;0,372568862;0,227721823;0,291185634;0,07116307;0,037360612
19;Samedi;8;0,34501186;0,226228384;0,277386352;0,06653776;0,084835644
20;Samedi;8;0,333854833;0,221053559;0,250044351;0,06826654;0,126780718
21;Samedi;8;0,350486847;0,237804497;0,242832998;0,075821724;0,093053934
22;Samedi;8;0,361593599;0,2394024;0,246657018;0,108819273;0,043527709
23;Samedi;8;0,368954312;0,240574603;0,233172307;0,140643614;0,016655165
0;Dimanche;8;0,369780093;0,237529691;0,256685311;0,126427094;0,00957781
1;Dimanche;8;0,41644734;0,254562713;0,224360357;0,099236312;0,005393278
2;Dimanche;8;0,439186422;0,273012695;0,195659098;0,08645402;0,005687764
3;Dimanche;8;0,443219911;0,261744042;0,202048032;0,087248014;0,005740001
4;Dimanche;8;0,455777494;0,245549417;0,212494688;0,080275771;0,00590263
5;Dimanche;8;0,453635381;0,244395356;0,206796071;0,089298303;0,005874888
6;Dimanche;8;0,460769159;0,243464848;0,21819141;0,071607308;0,005967276
7;Dimanche;8;0,429585591;0,235889311;0,228819982;0,066761126;0,03894399
8;Dimanche;8;0,379794437;0,216418297;0,275903727;0,078697563;0,049185977
9;Dimanche;8;0,362049605;0,225061918;0,288166664;0,082522703;0,04219911
10;Dimanche;8;0,360756174;0,235470773;0,289775298;0,08596552;0,028032235
11;Dimanche;8;0,35252121;0,233748005;0,297769861;0,084003189;0,031957735
12;Dimanche;8;0,345888914;0,24010109;0,263498865;0,078839164;0,071671967
13;Dimanche;8;0,350919127;0,254499988;0,227338036;0,076349996;0,090892853
14;Dimanche;8;0,355442128;0,257780242;0,259728797;0,081016647;0,046032186
15;Dimanche;8;0,361093583;0,258137766;0,275081812;0,082304795;0,023382044
16;Dimanche;8;0,365692186;0,261425205;0,269638596;0,079564193;0,023679819
17;Dimanche;8;0,365846466;0,250164388;0,279753985;0,07580739;0,028427771
18;Dimanche;8;0,361884115;0,239956313;0,290366697;0,074986348;0,032806527
19;Dimanche;8;0,33765499;0,237883748;0,280156782;0,069965808;0,074338671
20;Dimanche;8;0,329709435;0,232285968;0,255250196;0,071735372;0,111019029
21;Dimanche;8;0,345477663;0,246974293;0,248267522;0,078745427;0,080535095
22;Dimanche;8;0,356794322;0,243974567;0,251367736;0,110897531;0,036965844
23;Dimanche;8;0,362489203;0,244113118;0,236601945;0,142712285;0,014083449
0;Semaine;9;0,403601071;0,227239201;0,243756326;0,118194488;0,007208913
1;Semaine;9;0,409450924;0,252750689;0,234455817;0,098182478;0,005160092
2;Semaine;9;0,432494851;0,271468807;0,205857307;0,084784965;0,00539407
3;Semaine;9;0,434876657;0,262684444;0,211958154;0,085068628;0,005412116
4;Semaine;9;0,448994224;0,247472436;0,220221307;0,078736659;0,004575374
5;Semaine;9;0,453491619;0,242075218;0,213636441;0,085365705;0,005431017
6;Semaine;9;0,450449564;0,224371008;0,250202583;0,068961912;0,006014934
7;Semaine;9;0,417321315;0,204428399;0,285482032;0,065709128;0,027059126
8;Semaine;9;0,36731213;0,185598884;0,335708299;0,078311765;0,033068923
9;Semaine;9;0,350137009;0,189647565;0,357923103;0,073718489;0,028573833
10;Semaine;9;0,343307274;0,193540262;0,373768746;0,071039439;0,018344279
11;Semaine;9;0,340988185;0,193138341;0,376605449;0,069002975;0,020265051
12;Semaine;9;0,338052194;0,200684862;0,349802893;0,064939515;0,046520536
13;Semaine;9;0,34207546;0,21200362;0,322985812;0,063234787;0,059700322
14;Semaine;9;0,345216854;0,210298368;0,34902906;0,066198493;0,029257226
15;Semaine;9;0,34894069;0,207593952;0,36231294;0,065851604;0,015300814
16;Semaine;9;0,358820825;0,214102593;0,346647035;0,065326186;0,015103361
17;Semaine;9;0,363839648;0,208021114;0,343460175;0,066177755;0,018501308
18;Semaine;9;0,360557455;0,199531045;0,340434366;0,077864946;0,021612188
19;Semaine;9;0,345415529;0,206610805;0,313293058;0,082716449;0,051964158
20;Semaine;9;0,34726395;0,210164251;0,27509872;0,086911778;0,0805613
21;Semaine;9;0,367940161;0,225849889;0,254565343;0,092756603;0,058888004
22;Semaine;9;0,384967599;0,231935863;0,240247622;0,114626716;0,028222201
23;Semaine;9;0,395441291;0,232805654;0,225755632;0,134686399;0,011311023
0;Samedi;9;0,373658777;0,237214127;0,25445629;0,123382771;0,011288035
1;Samedi;9;0,408397241;0,252100258;0,233852467;0,097929815;0,007720219
2;Samedi;9;0,431331535;0,270738616;0,205303596;0,084556912;0,008069341
3;Samedi;9;0,433703031;0,261975523;0,211386131;0,084839048;0,008096265
4;Samedi;9;0,44796941;0,246907589;0,219718659;0,078556945;0,006847397
5;Samedi;9;0,445974838;0,244191421;0,215504034;0,086111966;0,008217741
6;Samedi;9;0,452024956;0,236439716;0,229356312;0,072671309;0,009507707
7;Samedi;9;0,419227962;0,220430167;0,245723522;0,070852554;0,043765796
8;Samedi;9;0,367911617;0,204144279;0,287247428;0,086136827;0,054559849
9;Samedi;9;0,353110542;0,214838443;0,299986561;0,083510513;0,048553941
10;Samedi;9;0,356337876;0,225463537;0,303386548;0,082756957;0,032055083
11;Samedi;9;0,352871003;0,223951903;0,30791804;0,080011807;0,035247248
12;Samedi;9;0,344087465;0,228880781;0,273383434;0,074063418;0,079584902
13;Samedi;9;0,346380483;0,240735425;0,239392588;0,071804686;0,101686819
14;Samedi;9;0,356113825;0,243024342;0,273646522;0,076500095;0,050715216
15;Samedi;9;0,363427875;0,242018795;0,291024532;0,076771628;0,02675717
16;Samedi;9;0,368472805;0,246103337;0,284292556;0,075090135;0,026041167
17;Samedi;9;0,366694735;0,234865432;0,292388852;0,074717737;0,031333245
18;Samedi;9;0,355578925;0,220714836;0,301714473;0,086131704;0,035860062
19;Samedi;9;0,327560451;0,219998805;0,28136741;0,088076323;0,08299701
20;Samedi;9;0,318891428;0,216933369;0,249729995;0,089711094;0,124734113
21;Samedi;9;0,336826553;0,232653083;0,243976889;0,095550676;0,090992799
22;Samedi;9;0,351775447;0,238970157;0,247534;0,118103185;0,043617211
23;Samedi;9;0,365026267;0,24225177;0,234915693;0,140151315;0,017654954
0;Dimanche;9;0,366612677;0,240605401;0,258094063;0,125146682;0,009541176
1;Dimanche;9;0,40928513;0,252270576;0,234010456;0,097995975;0,006437863
2;Dimanche;9;0,429727235;0,272146031;0,206370852;0,084996475;0,006759407
3;Dimanche;9;0,431573013;0,263588977;0,212688015;0,085361555;0,006788441
4;Dimanche;9;0,443208454;0,249552939;0,222072709;0,079398599;0,005767299
5;Dimanche;9;0,440644782;0,247151681;0,218116526;0,087155875;0,006931135
6;Dimanche;9;0,443207907;0,24397547;0,229653538;0,074987473;0,008175612
7;Dimanche;9;0,409274617;0,232038021;0,245711626;0,07458365;0,038392086
8;Dimanche;9;0,360648416;0,215113715;0,285562959;0,090765281;0,047909628
9;Dimanche;9;0,348255696;0,226605716;0,294376174;0,088084606;0,042677808
10;Dimanche;9;0,35069336;0,239144121;0,294050647;0,087778449;0,028333423
11;Dimanche;9;0,34370249;0,238701944;0,301006712;0,085281587;0,031307268
12;Dimanche;9;0,337303464;0,245525028;0,26657858;0,079449321;0,071143607
13;Dimanche;9;0,342809524;0,258748735;0,230184474;0,077177555;0,091079712
14;Dimanche;9;0,347538845;0,260052209;0,265324879;0,081860189;0,045223878
15;Dimanche;9;0,351818976;0,258827737;0,283403355;0,082103651;0,023846281
16;Dimanche;9;0,355543275;0,262340431;0,278939227;0,080044336;0,023132732
17;Dimanche;9;0,354415542;0,248899163;0,289831777;0,079182288;0,02767123
18;Dimanche;9;0,34472653;0,231920389;0,301447979;0,090504556;0,031400546
19;Dimanche;9;0,320069456;0,230746793;0,284261306;0,09237927;0,072543174
20;Dimanche;9;0,314620793;0,227502544;0,254785383;0,094081894;0,109009386
21;Dimanche;9;0,331831023;0,241237926;0,249229235;0,099076473;0,078625343
22;Dimanche;9;0,346785669;0,243540852;0,252268492;0,120362102;0,037042885
23;Dimanche;9;0,357943322;0,246094428;0,238641985;0,14237443;0,014945835
0;Semaine;10;0,400436802;0,230156669;0,245151606;0,117069849;0,007185074
1;Semaine;10;0,402572689;0,250655333;0,243776757;0,097033788;0,005961433
2;Semaine;10;0,423499459;0,270777664;0,216068354;0,083448406;0,006206117
3;Semaine;10;0,424422043;0,264302806;0,221808556;0,083273487;0,006193108
4;Semaine;10;0,437608824;0,251053599;0,228981884;0,07788301;0,004472682
5;Semaine;10;0,4413036;0,244817725;0,224185408;0,083484468;0,006208799
6;Semaine;10;0,436125642;0,225424358;0,258920071;0,072006827;0,007523101
7;Semaine;10;0,401552734;0,202421776;0,296901018;0,07227662;0,026847851
8;Semaine;10;0,35330745;0,185689369;0,340396613;0,088132961;0,032473606
9;Semaine;10;0,340641487;0,191911478;0,35999459;0,078421658;0,029030786
10;Semaine;10;0,336608295;0,197388394;0,374570683;0,072805124;0,018627504
11;Semaine;10;0,334265888;0,198075296;0,377280366;0,070390907;0,019987542
12;Semaine;10;0,331426856;0,206055683;0,350257734;0,06579257;0,046467157
13;Semaine;10;0,336258594;0,216393756;0,323021654;0,064202672;0,060123323
14;Semaine;10;0,339555342;0,21306896;0,351303024;0,067169188;0,028903486
15;Semaine;10;0,342008908;0,20944381;0,366747069;0,066120265;0,015679949
16;Semaine;10;0,350914265;0,216125003;0,352002696;0,066097423;0,014860613
17;Semaine;10;0,354990654;0,208171363;0,349536076;0,069171488;0,018130419
18;Semaine;10;0,346437304;0,194732094;0,347416072;0,09052025;0,02089428
19;Semaine;10;0,330102548;0,20219789;0,315333909;0,101223682;0,051141971
20;Semaine;10;0,333256198;0,207130755;0,274014743;0,106010804;0,0795875
21;Semaine;10;0,35473131;0,221683218;0,255310857;0,110500558;0,057774057
22;Semaine;10;0,375179345;0,231883904;0,241396339;0,123222624;0,028317788
23;Semaine;10;0,391405211;0,234630708;0,227633617;0,134389777;0,011940688
0;Samedi;10;0,370784263;0,240100839;0,255743649;0,12212798;0,01124327
1;Samedi;10;0,4013763;0,249910421;0,243052287;0,096745417;0,008915575
2;Samedi;10;0,422189381;0,269940024;0,215399956;0,083190261;0,009280378
3;Samedi;10;0,423111854;0,263486905;0,221123834;0,083016422;0,009260985
4;Samedi;10;0,436632365;0,25049341;0,228470945;0,077709226;0,006694053
5;Samedi;10;0,433722514;0,246768545;0,22597182;0,084149711;0,009387411
6;Samedi;10;0,436496231;0,236827188;0,239171899;0,075649209;0,011855473
7;Samedi;10;0,401971092;0,217370082;0,259799031;0,077614055;0,04324574
8;Samedi;10;0,352359766;0,203165047;0,294753155;0,096427368;0,053294665
9;Samedi;10;0,341991688;0,216160769;0,304468259;0,088330756;0,049048528
10;Samedi;10;0,347993147;0,228800068;0,306427992;0,084391068;0,032387726
11;Samedi;10;0,344728118;0,22875665;0,310595613;0,081294278;0,034625341
12;Samedi;10;0,336184519;0,234063328;0,275842232;0,074735274;0,079174647
13;Samedi;10;0,3393326;0,244691683;0,241398705;0,072598489;0,101978523
14;Samedi;10;0,349244814;0,245310077;0,278196384;0,07733308;0,049915645
15;Samedi;10;0,354809868;0,243076412;0,298079062;0,076737893;0,027296765
16;Samedi;10;0,359091716;0,247415208;0,292308022;0,075666893;0,02551816
17;Samedi;10;0,356605154;0,234081714;0,300951544;0,077781017;0,030580571
18;Samedi;10;0,340228995;0,214384221;0,311226982;0,099655444;0,034504358
19;Samedi;10;0,311948088;0,214425705;0,284928941;0,107345132;0,081352134
20;Samedi;10;0,3053489;0,213204419;0,24944549;0,109119343;0,122881848
21;Samedi;10;0,32431732;0,227935744;0,245024392;0,113617202;0,089105342
22;Samedi;10;0,342605963;0,23856647;0,248353041;0,126773726;0,0437008
23;Samedi;10;0,361251028;0,243863694;0,23659126;0,139678168;0,018615851
0;Dimanche;10;0,363537475;0,243591566;0,259461801;0,123903549;0,009505609
1;Dimanche;10;0,402449771;0,250083041;0,243220169;0,096812242;0,007434778
2;Dimanche;10;0,420777297;0,271326025;0,216505922;0,0836174;0,007773357
3;Dimanche;10;0,420656562;0,265318205;0,2226607;0,083593407;0,007771126
4;Dimanche;10;0,431458108;0,253295689;0,231026858;0,078578562;0,005640783
5;Dimanche;10;0,428525913;0,249723044;0,228677325;0,085157214;0,007916503
6;Dimanche;10;0,427131236;0,244442926;0,240146689;0,078081888;0,010197262
7;Dimanche;10;0,391017188;0,228576116;0,260895438;0,081615276;0,037895982
8;Dimanche;10;0,343545246;0,21394833;0,294191567;0,101545392;0,046769464
9;Dimanche;10;0,335627549;0,228019044;0,3000609;0,093176457;0,043116051
10;Dimanche;10;0,341291918;0,242576041;0,298045001;0,089472225;0,028614816
11;Dimanche;10;0,33541607;0,243356861;0,304048185;0,086482821;0,030696063
12;Dimanche;10;0,329233108;0,25062355;0,269473524;0,080022872;0,070646946
13;Dimanche;10;0,335160465;0,262756196;0,232869263;0,077958117;0,091255959
14;Dimanche;10;0,340071409;0,262198883;0,270612349;0,082657212;0,044460147
15;Dimanche;10;0,343115772;0,259475198;0,291212212;0,0819149;0,024281917
16;Dimanche;10;0,346058733;0,263195743;0,287631017;0,080493048;0,022621458
17;Dimanche;10;0,3438069;0,247724952;0,299184626;0,082314413;0,02696911
18;Dimanche;10;0,329307704;0,224698831;0,311406278;0,104450139;0,030137047
19;Dimanche;10;0,304412489;0,224392534;0,287915696;0,112334695;0,070944586
20;Dimanche;10;0,301016625;0,22318973;0,254366301;0,114229886;0,107197459
21;Dimanche;10;0,319372515;0,23600099;0,250107218;0,117637416;0,076881861
22;Dimanche;10;0,337437768;0,243135769;0,253109782;0,129201841;0,03711484
23;Dimanche;10;0,353564529;0,248002913;0,24060704;0,142048994;0,015776522
0;Semaine;11;0,397360773;0,232992778;0,246507976;0,115976573;0,0071619
1;Semaine;11;0,395996399;0,248651962;0,252688519;0,095935524;0,006727596
2;Semaine;11;0,414967872;0,270122156;0,225752917;0,082180759;0,006976295
3;Semaine;11;0,41461072;0,265821588;0,231052844;0,081588804;0,006926044
4;Semaine;11;0,426952351;0,254405485;0,237181584;0,077084015;0,004376565
5;Semaine;11;0,429886692;0,247386719;0,234066963;0,081722253;0,006937373
6;Semaine;11;0,422893293;0,226397437;0,266973233;0,074819701;0,008916337
7;Semaine;11;0,387160493;0,200590299;0,307323313;0,078270877;0,026655017
8;Semaine;11;0,340578722;0,185771611;0,34465778;0,097059358;0,031932529
9;Semaine;11;0,331820571;0,194014553;0,361918909;0,082790693;0,029455275
10;Semaine;11;0,330269012;0,201029904;0,37532956;0,074476003;0,018895521
11;Semaine;11;0,327864015;0,202776928;0,377923114;0,071712683;0,01972326
12;Semaine;11;0,325115867;0,211171678;0,350690994;0,066605151;0,04641631
13;Semaine;11;0,330707739;0,220583128;0,323055858;0,065126295;0,06052698
14;Semaine;11;0,334146553;0,215715876;0,35347548;0,068096554;0,028565537
15;Semaine;11;0,335410088;0,211204812;0,370968207;0,066376021;0,016040872
16;Semaine;11;0,343419945;0,218041968;0,357079118;0,066828447;0,014630522
17;Semaine;11;0,346668778;0,208312662;0,355250047;0,071986891;0,017781622
18;Semaine;11;0,333500263;0,19033524;0,353812789;0,102115183;0,020236525
19;Semaine;11;0,316215357;0,198195862;0,317184737;0,118007707;0,050396337
20;Semaine;11;0,320449926;0,20435745;0,273023742;0,123471659;0,078697224
21;Semaine;11;0,342546949;0,217839717;0,255998548;0,126868278;0,056746509
22;Semaine;11;0,365991034;0,23183513;0,242474649;0,13129167;0,028407517
23;Semaine;11;0,387514165;0,23639018;0,229444118;0,134103813;0,012547725
0;Samedi;11;0,367993549;0,242903394;0,256993477;0,120909771;0,011199809
1;Samedi;11;0,394668812;0,247818351;0,251841376;0,095613898;0,010057563
2;Samedi;11;0,413525434;0,269183205;0,224968195;0,081895097;0,010428068
3;Samedi;11;0,413179869;0,264904218;0,230255464;0,081307235;0,010353213
4;Samedi;11;0,426020099;0,253849989;0,236663697;0,076915702;0,006550513
5;Samedi;11;0,422262402;0,249179037;0,235762779;0,082314331;0,010481451
6;Samedi;11;0,422234598;0,237183043;0,248186567;0,078384122;0,01401167
7;Samedi;11;0,38634373;0,214598951;0,272545436;0,083737091;0,042774791
8;Samedi;11;0,338366658;0,202283962;0,301506591;0,105686501;0,052156288
9;Samedi;11;0,331776019;0,217375683;0,308585908;0,092759451;0,049502939
10;Samedi;11;0,340172739;0,231926956;0,309278334;0,085922504;0,032699468
11;Samedi;11;0,337033773;0,233296734;0,313125696;0,082506106;0,03403769
12;Samedi;11;0,328715286;0,238961456;0,278166092;0,075370259;0,078786908
13;Samedi;11;0,332661837;0,248436248;0,243297477;0,073349818;0,102254619
14;Samedi;11;0,342729994;0,247477952;0,282511638;0,078123112;0,049157304
15;Samedi;11;0,34667759;0,244074419;0,304735984;0,076706059;0,027805947
16;Samedi;11;0,35027009;0,248648842;0,299845468;0,076209255;0,025026344
17;Samedi;11;0,347190988;0,233350459;0,308941034;0,080639236;0,029878283
18;Samedi;11;0,326292544;0,208636552;0,319863544;0,111933868;0,033273492
19;Samedi;11;0,29789862;0,209410507;0,28813394;0,124685014;0,079871919
20;Samedi;11;0,293034039;0,209813509;0,249186776;0,12676818;0,121197496
21;Samedi;11;0,312819542;0,223599833;0,245987197;0,130222928;0,087370499
22;Samedi;11;0,334022919;0,238188602;0,249119699;0,134889736;0,043779043
23;Samedi;11;0,357619848;0,245414108;0,238202888;0,139223075;0,019540081
0;Dimanche;11;0,360550519;0,246492041;0,26079029;0,122696088;0,009471063
1;Dimanche;11;0,395919386;0,247993108;0,25201897;0,095681323;0,008387213
2;Dimanche;11;0,412296564;0,270549008;0,226109656;0,082310623;0,008734149
3;Dimanche;11;0,410403933;0,26694228;0,232026953;0,081932779;0,008694055
4;Dimanche;11;0,420448991;0,256802341;0,239416167;0,077810254;0,005522248
5;Dimanche;11;0,417193877;0,252127458;0,238552452;0,083288319;0,008837895
6;Dimanche;11;0,412358525;0,244872467;0,249788753;0,080925319;0,012054937
7;Dimanche;11;0,374516852;0,225447385;0,27461796;0,087970179;0,037447623
8;Dimanche;11;0,328174533;0,212900992;0,301946144;0,111233538;0,045744793
9;Dimanche;11;0,324023373;0,22931777;0,305284672;0,097855428;0,043518758
10;Dimanche;11;0,332488721;0,245789576;0,301785181;0,09105822;0,028878303
11;Dimanche;11;0,327615168;0,247739038;0,306911453;0,087613672;0,03012067
12;Dimanche;11;0,321632842;0,255425089;0,272199841;0,080563014;0,070179215
13;Dimanche;11;0,3279338;0,266542359;0,235405794;0,078695575;0,091422473
14;Dimanche;11;0,333004734;0,264230349;0,275616054;0,08341146;0,043737403
15;Dimanche;11;0,334932743;0,260083962;0,298554349;0,08173743;0,024691515
16;Dimanche;11;0,337175393;0,26399684;0,295771858;0,080913317;0,022142592
17;Dimanche;11;0,333934894;0,246632275;0,307888037;0,085229051;0,026315743
18;Dimanche;11;0,315376075;0,218173815;0,320404067;0,117050626;0,028995418
19;Dimanche;11;0,29038333;0,218698907;0,29119015;0,130215416;0,069512198
20;Dimanche;11;0,288688129;0,219281331;0,253986515;0,132488587;0,105555438
21;Dimanche;11;0,307953446;0,231200982;0,250911949;0,134649782;0,075283841
22;Dimanche;11;0,328687276;0,242756574;0,253897307;0,137476646;0,037182197
23;Dimanche;11;0,349343779;0,249842516;0,242501172;0,141735304;0,016577229
0;Semaine;12;0,394369345;0,235750884;0,247827041;0,114913366;0,007139363
1;Semaine;12;0,389702598;0,246734646;0,26121747;0,094884437;0,007460848
2;Semaine;12;0,40686512;0,269499597;0,234950692;0,08097683;0,007707761
3;Semaine;12;0,405385085;0,267249705;0,239745293;0,080004689;0,007615228
4;Semaine;12;0,416956974;0,25754943;0,244872599;0,076334587;0,00428641
5;Semaine;12;0,41916996;0,249798162;0,243342502;0,080068111;0,007621265
6;Semaine;12;0,410632318;0,227299082;0,274435219;0,077426084;0,010207297
7;Semaine;12;0,373971931;0,198911996;0,316873952;0,083763811;0,026478311
8;Semaine;12;0,328959167;0,185846687;0,348547632;0,105207914;0,0314386
9;Semaine;12;0,323604835;0,19597334;0,363711206;0,086859979;0,02985064
10;Semaine;12;0,324261212;0,204480999;0,376048755;0,076059511;0,019149523
11;Semaine;12;0,321760187;0,20725967;0,378535937;0,072972922;0,019471283
12;Semaine;12;0,319097372;0,216050562;0,351104174;0,067380072;0,04636782
13;Semaine;12;0,325405055;0,2245852;0,323088532;0,066008624;0,06091259
14;Semaine;12;0,328973934;0,218247217;0,355553079;0,068983427;0,028242344
15;Semaine;12;0,329120805;0,212883208;0,374991341;0,06661978;0,016384865
16;Semaine;12;0,336306444;0,219861523;0,361897586;0,067522325;0,014412122
17;Semaine;12;0,338828282;0,208445787;0,360633493;0,074639436;0,017453002
18;Semaine;12;0,321603612;0,18629198;0,359695085;0,112777656;0,019631666
19;Semaine;12;0,303563682;0,194549886;0,318870899;0,133298491;0,049717042
20;Semaine;12;0,308696908;0,201812236;0,272114245;0,139496441;0,07788017
21;Semaine;12;0,331272336;0,214283192;0,256634892;0,142013897;0,055795682
22;Semaine;12;0,357349147;0,231789256;0,243488832;0,138880855;0,02849191
23;Semaine;12;0,383760472;0,238087542;0,231190708;0,133827944;0,013133334
0;Samedi;12;0,365283025;0,24562542;0,258207392;0,119726566;0,011157598
1;Samedi;12;0,388254245;0,245817642;0,260246639;0,094531793;0,01114968
2;Samedi;12;0,405303131;0,268464965;0,234048696;0,080665953;0,011517255
3;Samedi;12;0,40384739;0,266235981;0,238835899;0,079701217;0,011379513
4;Samedi;12;0,416065261;0,256998629;0,244348909;0,076171336;0,006415865
5;Samedi;12;0,411520074;0,251438551;0,244940498;0,080593908;0,011506969
6;Samedi;12;0,40909105;0,237511;0,256494502;0,080904623;0,015998824
7;Samedi;12;0,372125479;0,212077692;0,284142506;0,089308016;0,042346307
8;Samedi;12;0,325709132;0,201486973;0,307615441;0,114061889;0,051126565
9;Samedi;12;0,32235778;0,218495761;0,312382135;0,096842444;0,04992188
10;Samedi;12;0,332828742;0,234863357;0,311955036;0,087360646;0,032992219
11;Samedi;12;0,329751902;0,237593437;0,315520147;0,083652972;0,033481542
12;Samedi;12;0,321645019;0,243597953;0,280365823;0,075971326;0,078419879
13;Samedi;12;0,326338715;0,251985669;0,245097297;0,074061992;0,102516327
14;Samedi;12;0,336542659;0,249536852;0,286609975;0,078873432;0,048437082
15;Samedi;12;0,338991103;0,245017719;0,311027991;0,076675971;0,028287216
16;Samedi;12;0,341959329;0,249811036;0,306946417;0,076720209;0,02456301
17;Samedi;12;0,338386614;0,23266657;0,316413014;0,083312317;0,029221484
18;Samedi;12;0,313582927;0,203394854;0,327739824;0,123131414;0,03215098
19;Samedi;12;0,28518855;0,20487343;0,291033392;0,140371807;0,078532821
20;Samedi;12;0,281787147;0,206716665;0,248950499;0,142886476;0,119659213
21;Samedi;12;0,302215312;0,219600887;0,246875178;0,145538143;0,085770479
22;Samedi;12;0,325971799;0,237834152;0,249838845;0,142502767;0,043852437
23;Samedi;12;0,354124635;0,246906469;0,23975417;0,138785023;0,020429703
0;Dimanche;12;0,357648064;0,249310461;0,262081196;0,121522786;0,009437493
1;Dimanche;12;0,389674011;0,245994387;0,260433759;0,094599762;0,00929808
2;Dimanche;12;0,40424908;0,269811686;0,235222772;0,081070604;0,009645859
3;Dimanche;12;0,400756361;0,26847051;0,240840458;0,080370153;0,009562518
4;Dimanche;12;0,41011311;0,260094551;0,247292447;0,07708893;0,005410961
5;Dimanche;12;0,406574453;0,254380671;0,247806583;0,081536949;0,009701345
6;Dimanche;12;0,398737314;0,245268526;0,258679239;0,08354711;0,013767812
7;Dimanche;12;0,359531603;0,222605939;0,28708046;0,093741565;0,037040433
8;Dimanche;12;0,314285732;0,21195463;0,308953091;0,119987636;0,044818911
9;Dimanche;12;0,313323475;0,23051529;0,310101371;0,102169781;0,043890083
10;Dimanche;12;0,324228428;0,248804928;0,305294699;0,092546404;0,02912554
11;Dimanche;12;0,320258327;0,251871763;0,309611731;0,088680149;0,02957803
12;Dimanche;12;0,314462753;0,259954859;0,274771847;0,081072583;0,069737958
13;Dimanche;12;0,321095481;0,27012506;0,237806016;0,079393404;0,091580039
14;Dimanche;12;0,326307401;0,26615564;0,280358238;0,084126287;0,043052434
15;Dimanche;12;0,327224608;0,260657397;0,305470392;0,08157026;0,025077343
16;Dimanche;12;0,328837846;0,264748717;0,303412524;0,081307765;0,021693148
17;Dimanche;12;0,324725373;0,245612925;0,316007384;0,087948096;0,025706222
18;Dimanche;12;0,302726374;0,212249203;0,328573917;0,12849167;0,027958836
19;Dimanche;12;0,277740664;0,213567978;0,294140992;0,146328994;0,068221371
20;Dimanche;12;0,277463911;0,215723013;0,253640748;0,149111834;0,104060494
21;Dimanche;12;0,297448941;0,226785412;0,251652228;0,15029961;0,073813809
22;Dimanche;12;0,320478699;0,242400863;0,25463606;0,145238997;0,037245382
23;Dimanche;12;0,345272665;0,2516169;0,244328152;0,141432735;0,017349547